tomega,r0,r1,r2,r3,r4,v0,v1,v2,v3,v4
0.0,0.000953964981311405,0.000953964981311405,0.000953964981311405,0.000953964981311405,0.000953964981311405,1.9337393084203804,2.015888825100789,1.92810870725386,1.83139597467494,1.9024751568584666
0.6282833294169274,0.010153016817863762,0.004134943390902174,0.004545756166627699,0.004554589556112923,0.003335959911359035,2.0316545083670143,2.121476912060782,2.0403008213447658,1.9172292405931108,2.107429039319912
1.2565666588338549,0.011788472051966972,0.006101019060019054,0.008915580042345899,0.005884348800897318,0.00619404989585357,2.0720803160643486,2.149629917893412,2.048126402627068,1.9360106356705937,2.122660292644955
1.8848499882507825,0.018868381631733763,0.010246675143283306,0.013074037826771434,0.007246388570043712,0.00820935127748875,2.08225357173127,2.177172146650376,2.03472748052911,1.9434163077133622,2.146385164678807
2.5131333176677098,0.026645956231642277,0.013009515992460823,0.01549894881303247,0.012803662868656853,0.008037087614349224,2.037399630235263,2.1453735651471972,1.9705768007979778,1.8993449243455613,2.0795814220251416
3.1414166470846374,0.03199050517519213,0.011385089475920786,0.014887544194463661,0.02077300832647354,0.00989636416508733,2.0093389583740033,2.0587927384255473,1.9464671901417405,1.854335427768556,2.1414002104684244
3.769700945797876,0.03141101532375878,0.00945739399782798,0.012297739775632099,0.02932595919044829,0.010016040472611575,2.0254513036920683,1.9979854220695912,1.9335675273678146,1.8593199391041946,2.1134413761587787
4.397984275214803,0.02427920479837331,0.017187086053649502,0.006732519217607852,0.03455865317970701,0.01415218211426615,1.9318717840587765,2.0081999494932643,1.924408840151597,1.8211300946737425,2.1361770310732275
5.0262666353354195,0.015086262813632048,0.03159561299041174,0.003110860363735087,0.034095160408599064,0.021708272074377238,1.938355319619971,2.023959412067363,1.91377158025047,1.8207618271855102,2.1599525355205724
5.654550934048658,0.006832923948026643,0.04949499969883937,0.008191384724868104,0.030728141322980924,0.031178700702267807,2.014861247251859,2.0775996017862837,1.9581734124580747,1.848309716473868,2.1106197883833575
6.282833294169275,0.012782906362643592,0.061765160898291836,0.015334044631143897,0.02495153480641017,0.03485866285220788,1.9253190665226425,2.030563429009801,1.9406075566118806,1.8821257418384687,2.034514387122737
6.911117592882513,0.023111398776371982,0.06929715226731685,0.02167549094204757,0.019483508917969777,0.030932285076550964,1.9329376635085278,1.984643760322471,1.9482452639680297,1.8055333828761455,2.0089030622975583
7.53940092229944,0.03390059665163222,0.07117828535416809,0.027919654212844057,0.012499120475325767,0.023787133665551928,1.9274788433945411,1.9526352241995353,1.9187561832823312,1.8199439045057635,2.018484627672455
8.167684251716368,0.04234437951054318,0.06884161467573109,0.03240269674999067,0.005568326855459135,0.013880468577174555,1.9193669603580303,1.9551165060695612,1.9099762628192887,1.8306706768975725,2.044194525202311
8.795967581133295,0.047751066554208306,0.06185412622625286,0.03483823675434415,0.011089740467955122,0.005608240725383774,1.9441416054907008,1.8915575166304721,1.8992304036438579,1.8200202516401949,2.00239446908472
9.424250910550224,0.04664683694034341,0.05085490469550724,0.03367342464421565,0.021226908516723784,0.012769524853163466,1.9604035451310056,1.8971690310134028,1.8993640111291308,1.8318922310489618,1.9759783605611254
10.05253423996715,0.04025493760000528,0.03987800684817915,0.027919658967474052,0.031468980639597494,0.02515452864693879,1.937766619763217,1.845844669871748,1.873501419330385,1.8525250441371195,2.0010965677988994
10.680817569384079,0.02994263710491288,0.041359811884517185,0.016956333831639678,0.04042235452657821,0.03821807757642814,1.9160429039965319,1.83698556822908,1.8349623722871884,1.796693430178574,1.9484522125752863
11.309101868097317,0.019674163644143094,0.05608462097457115,0.006184651099536308,0.04436795697136234,0.04572665712979642,1.9073613734639947,1.8484213856598493,1.8300026394710367,1.7673979892127503,1.9460884574194863
11.937385197514244,0.00977150321001433,0.06895932643779226,0.011639678094188715,0.04412235654784548,0.04903864364704504,1.8849373107396172,1.8698014679815111,1.8321240989973504,1.7815249575702874,1.9597576179422258
12.56566755763486,0.0061151150729594345,0.07998920199590033,0.02261327951928046,0.040895279598066415,0.047689624058267176,1.8312213684700678,1.9105077452875916,1.787913523260926,1.7780456713556325,1.9286210749938248
13.193951856348098,0.020459439237134773,0.08620459025056415,0.032438743036636256,0.0340085834161801,0.04033345756503161,1.8458828434389905,1.9152251283134858,1.8233795255565022,1.7725323340052506,1.9569679240802353
13.822235185765026,0.037047159730279285,0.0869804735417102,0.04135445542421421,0.026717793099014092,0.028724048362286838,1.8698176700926223,1.8654849702119494,1.8442604668316604,1.806544982407777,1.994320759615448
14.450518515181955,0.05051799153429795,0.08268768265439366,0.045280901762459996,0.021075043548367162,0.018389238641678813,1.8836746749973408,1.8741121964060607,1.8096943017043383,1.806812197378376,1.9883465963438591
15.07880184459888,0.059350157289930094,0.07336777176815606,0.04562993099838884,0.025141090763151432,0.014645878315062073,1.8733325283979876,1.8620140482522771,1.8445114406745327,1.8455612153929442,1.9807912859363652
15.7070842047195,0.061247853874265075,0.061794110665688906,0.041043563420939594,0.03471467455122704,0.016836240639793297,1.9081600745248073,1.8297707751532613,1.8448683977008316,1.8172498644184658,1.9363702971864332
16.335368503432736,0.05739574940425069,0.051553219434994906,0.033418588220957716,0.045786931058926124,0.02698957452479577,1.904653988632538,1.8283067363849823,1.8516689955727414,1.8215118309349911,1.9311273983493684
16.963650863553354,0.048604316233275456,0.04775821801236281,0.021526019105944098,0.05574710051467939,0.03933829144844599,1.9025294820449927,1.8331873041494888,1.8245982647734822,1.8067712363797375,1.895868204840057
17.59193516226659,0.036364653114084315,0.05686294096352614,0.006498959341964996,0.061812087735625354,0.04937015819027256,1.8626763393403933,1.7751635714760776,1.8422535123796715,1.8163337002183322,1.8659974345657466
18.22021946097983,0.022505751777507865,0.0710149806166748,0.007178415584436274,0.06256485220648596,0.05577915721664322,1.8490350153702058,1.8133617617575557,1.8249665440991498,1.8572041713607093,1.8726644899408347
18.84850182110045,0.011780873803901215,0.08452321036886777,0.018664874042548674,0.05899951662602333,0.05462889874002352,1.8070957112006216,1.811027582559383,1.7804506023808524,1.8201128775437756,1.916539159604909
19.47678611981369,0.0236667811190656,0.09338138462008759,0.028902276812337743,0.05160486578910552,0.04900553648127905,1.7715807279650697,1.8672629218443235,1.8203475353382341,1.836189590179583,1.9452325532021126
20.1050684799343,0.04236783565273967,0.0954001880437898,0.038099917503635755,0.04373793597173479,0.039361911842545116,1.8286064831489428,1.8170780836309457,1.7969797314910894,1.8602714083150924,1.9432987889497364
20.73335277864754,0.05942448680689294,0.09233651340680102,0.043332376862664765,0.03944356503898065,0.02874165144414889,1.8610024471599744,1.8132090672530585,1.8505237867890365,1.830673501204667,1.9438392158485966
21.361635138768158,0.06960108713213181,0.08294317363362802,0.045482013976740454,0.04076800297347269,0.021803081129838225,1.8392568919751997,1.7960826540451738,1.797017904999474,1.8309350671575606,1.9180279264301094
21.989919437481394,0.07446243632179338,0.07136302387927496,0.041039282803131884,0.04634246202077101,0.02323479677883818,1.8454056738486184,1.802250456094347,1.768466849095223,1.8421227470667696,1.9186416625806302
22.61820276689832,0.07296584108834428,0.057838988372923957,0.031084013518049958,0.05641380096329758,0.03264913176289155,1.842046399932284,1.8251355096490736,1.8227114881299433,1.836186757362388,1.9161603807106358
23.246486096315248,0.06816059361354118,0.052707522109455306,0.016091072157420633,0.06802637169976926,0.04537625724344418,1.8050180397185809,1.8237612612288483,1.8553880616794334,1.7823429407835543,1.8805444424844546
23.874769425732175,0.06013275593844687,0.06316963412310882,0.0030799518363245626,0.07725422780359245,0.05605361549972116,1.775872521137944,1.7782965426570743,1.8197912102368277,1.7983949258040268,1.8526013912715862
24.503052755149103,0.04941990025305898,0.08050117886852397,0.017425234314954796,0.08186672142020952,0.06423130347588997,1.742931421559129,1.782631992727922,1.8335746967900723,1.8062996409246053,1.8484242373522406
25.13133511526972,0.0382852468336374,0.09400122082890253,0.029721509631678918,0.08170281410436692,0.06634155914767535,1.7329409977303063,1.7937322159714646,1.8480339478070005,1.83457780687765,1.8609938338935446
25.75962038327927,0.03869657165865295,0.09935759262704118,0.03443668128188722,0.07547510480316029,0.06308543013208875,1.6738562450882088,1.7822884300927804,1.8257300166216155,1.9057419369770772,1.8369530627020134
26.387902743399888,0.05274281997685391,0.09811980664405616,0.03309078712837504,0.0686466398014291,0.05371953088850241,1.724875296402631,1.7716761620303667,1.8479470670256775,1.870068683364373,1.8631019965967974
27.016185103520506,0.07072315509325383,0.09173421608056626,0.03032262232658927,0.06272957722207355,0.03982888771524486,1.7705200272131922,1.742481671852415,1.8850401988704908,1.9112080580942281,1.8197637010258594
27.644471340826367,0.0835432667206535,0.08185318319028141,0.02738156011536845,0.0622444304245001,0.028222266861533174,1.778051157593014,1.7612547620985664,1.895854967811045,1.8706603745693329,1.8611551416645074
28.272753700946982,0.09117183635333317,0.06916317891642339,0.026356266011976864,0.06452659713519528,0.028030600175870894,1.7782611125367342,1.7617319324251566,1.855390924119832,1.8915031744329098,1.8656596295471044
28.901036061067597,0.0918842076144813,0.0583515644610621,0.024168365187848775,0.07235573337248696,0.04131658054143967,1.7907629750922893,1.7630107489002866,1.878237839354876,1.9205914775391912,1.884918223926541
29.529318421188215,0.0890887689553035,0.05372575776650056,0.02060079942571909,0.08189810574515405,0.0563898836241239,1.788003440086149,1.765710180003549,1.8364454726972044,1.86286145895953,1.8531845044544775
30.157604658494076,0.08357483043511364,0.061303710909361445,0.016761618522968123,0.09076703771607485,0.0699794644098059,1.724512646954491,1.8012607222763113,1.8264934891441595,1.8700305097383076,1.816434738660526
30.785887018614687,0.0732426187539654,0.0779300241293697,0.015653649990385907,0.09595609202132974,0.07845751202730915,1.7059984382844706,1.830234504504256,1.8612887493559285,1.8608115790293653,1.7510624039235392
31.414169378735302,0.05861547229991106,0.09366784841167686,0.018932629494868507,0.09492366380181243,0.07993479911269702,1.6891560512168151,1.8671397592541557,1.8953881118434766,1.8797751710205037,1.7732712470689245
32.04245464674486,0.05199239506207282,0.10077613086342412,0.02538552572315018,0.08879464968238765,0.07373820982055758,1.6566399397063896,1.808685492557409,1.9131667072581375,1.8589601581623987,1.7286926590150147
32.67073700686547,0.06231560706271208,0.09934807147152816,0.030185864826482146,0.07943156505353463,0.06312744380001871,1.6554158297415984,1.808682702172668,1.8834265468103628,1.8590336373499259,1.7629889421975922
33.2990203362824,0.08026583996022373,0.09210672231414102,0.033113433194329356,0.0714369127756717,0.0482840095633432,1.705215878948902,1.7446110611086896,1.8668430119569643,1.8525851625997667,1.7577618753082718
33.92730269640302,0.09311634382830737,0.08052078154255245,0.03194974408483416,0.06921825660157381,0.0383429340853161,1.782337441312105,1.7508252587952304,1.8561076323646166,1.8130288946658684,1.7686331729613916
34.55558796441257,0.10103027419230147,0.06895610832721213,0.029797397741375346,0.07542743164841288,0.045890908688360196,1.7961454563757566,1.7346859183164505,1.8031312299563458,1.8034557057784197,1.7959164146189412
35.18387032453318,0.10227092674875293,0.0573850405403012,0.02595935031871221,0.08579488017670112,0.06099866831506216,1.773050412570813,1.7355257380911688,1.8209010529169605,1.803188490395604,1.8175417738181414
35.812152684653796,0.10188418443810218,0.050026097671366086,0.021492491843213883,0.09613859627524352,0.07793333535993578,1.7415273370885571,1.7329764976048068,1.788404260687034,1.8393275636838906,1.811002907893988
36.44043892195966,0.09787504010910109,0.05263951489230641,0.01627004445377931,0.10248458799225305,0.09063950200407558,1.7577618753082718,1.7570938368511109,1.8118729903386976,1.890071663453275,1.7596514698014014
37.068721282080276,0.08981707072825183,0.06450803709703776,0.009764298318597046,0.10425157481589148,0.09687085787918874,1.7241309106932254,1.7773067718836473,1.8550664482977153,1.9060091523599472,1.6933057075983142
37.6970036422009,0.07674544496521046,0.0770502995023868,0.002579707325544814,0.10132198113720901,0.09672342165159116,1.6848884230379695,1.82471841552941,1.895167842540789,1.9103991193641805,1.6535860496164678
38.32528600232151,0.0658253771492273,0.08462767974757858,0.008772781479416233,0.09645662845998854,0.0881294112882748,1.643956150836502,1.833792422053819,1.888074983419435,1.9482171602348133,1.6602943619929285
38.95357223962738,0.06878138795280608,0.08362640711982763,0.019391816189893597,0.08621401957911204,0.07492472730081823,1.6828461340404046,1.8233823386149797,1.8757756404699415,1.9500042564675797,1.6768528747389146
39.58185459974799,0.08579732099683532,0.07733040478485567,0.027322967041686047,0.0759560288772226,0.06221446431590218,1.733445275467414,1.8480425010910064,1.8093917046406245,1.9188354907374994,1.689850994434116
40.2101369598686,0.10088269524445517,0.0680131359595191,0.03281247580695149,0.07133913518009107,0.0589899499388314,1.757581959346987,1.7975304741912281,1.7916899364261867,1.9070882740984567,1.724943660071561
40.83842222787815,0.1095820596742241,0.0589705925962878,0.038293865715887394,0.07651941517155743,0.06807356233617334,1.7583917401393356,1.7964890190108556,1.7335597963458063,1.8686562591978062,1.7487910731691434
41.46670458799877,0.11325896947707083,0.046463492959352405,0.04116704811453467,0.0872786894249981,0.08314946819217428,1.7659855672252012,1.7613665655902888,1.7293962030346004,1.872680687634882,1.7786210179786033
42.09498791741569,0.11308729750624034,0.035063616537136445,0.03835296418464023,0.09916033097952795,0.09859217818325965,1.736518252370361,1.755585978619216,1.7147592854797942,1.8759092481613466,1.7616555851728695
42.723270277536315,0.11033227861550578,0.030418941433121825,0.032304919975417734,0.10726339832459286,0.11014782590799653,1.7308987181850282,1.6863121292332113,1.7606740087521464,1.9123562101218583,1.7014288152134045
43.351555545545864,0.1043589194976656,0.03897897954671266,0.023725387413839998,0.11140301994675325,0.11255138732242058,1.7149692404234873,1.7098730613359736,1.7758943477170535,1.9425222257473156,1.6523835803936067
43.97983790566648,0.0942901556146616,0.05088031539672625,0.016040032767861565,0.11192718182615795,0.1072350183596934,1.656503776407611,1.7302741950809133,1.8017351129366779,1.8957756958094438,1.6331415532624582
44.60812123508341,0.08423522603050142,0.05870046264556555,0.020229448242901647,0.10817213909320733,0.0959424234449973,1.6623392029817716,1.809765064738369,1.839731222552718,1.88637917777446,1.7128045031480863
45.23640650309296,0.08347388658355219,0.062028112163962236,0.030033496618349517,0.10015800490055221,0.08227961178784575,1.6689891077574313,1.8246802419032901,1.8725499690624516,1.826092666069884,1.751405966558669
45.864688863213566,0.09331590404361825,0.061276327003846665,0.03924900450129525,0.08934707967711948,0.07040285784931286,1.7461380061535672,1.8317041891099834,1.8646671152678533,1.8120447716562391,1.7446683215477694
46.49297122333419,0.10553211968211972,0.059020691822078794,0.04663147992837388,0.0830222201529141,0.06955923837917283,1.7840825905206517,1.809983395845552,1.8094107914537851,1.8954350579236692,1.7705691268727783
47.12125358345481,0.11412493516226463,0.054241446875819964,0.05186914920563588,0.08429678815837845,0.08005837146867419,1.792565160257177,1.8371325937271497,1.807281002315098,1.8843530778405455,1.7110817722913019
47.74953982076067,0.11983462696771974,0.044603316157223516,0.05401448163403545,0.09273562773732096,0.09705715963624766,1.7737184510279898,1.781467697131188,1.7720937860719657,1.8796120898953672,1.4485173300795824
48.377822180881275,0.12038305319612483,0.03217046994680769,0.05110544901234162,0.10088224711807049,0.11149653412071041,1.7753217433252317,1.6659138450086486,1.5446576074723053,1.8120997462495978,1.658071450686064
49.006104541001896,0.11745849341502598,0.023446516803079066,0.04771840780709591,0.10651300551762272,0.12089506467787074,1.555546692324038,1.7201338054414523,1.6426226163433908,1.8173997546273912,1.6427371366917078
49.63438980901145,0.11127787068963711,0.021914293790963386,0.03955546706791512,0.10912136845779405,0.12180016214145789,1.6363582310036988,1.7198825115392131,1.6763262025396057,1.833850399811008,1.6139120349547729
50.262669261243126,0.10222221348108847,0.030012817063704143,0.031720896365748194,0.1074925743612161,0.11506336306927935,1.630709984314775,1.7251700392367941,1.7350378606946422,1.812568016906701,1.6440706710081958
50.89095549854899,0.09378859818305418,0.04056730188731351,0.03183010496334398,0.10370254459416266,0.10287978054783109,1.6170082317658263,1.7214507894473734,1.7902584320719785,1.7961753167359342,1.611931162989602
51.51924076655854,0.08824907889873318,0.04923759074929509,0.04082209752751877,0.0962136080424749,0.08860435176743237,1.6332852398778523,1.7600031782863235,1.7716080143387862,1.8098581647485554,1.6368735773414445
52.14752021879023,0.09107677576382592,0.05381763903044987,0.05036165040575235,0.08689340685706665,0.07836665286528982,1.6512879893674202,1.7602922742576292,1.813448802609804,1.7777566273787304,1.5883208845079109
52.775805486799776,0.0987594646324224,0.05719689585211013,0.05898701118129823,0.08062199292072589,0.07779164969293707,1.6961200890264356,1.8059640203410927,1.8030055825733153,1.7860184237774541,1.623018046118456
53.40409172410564,0.10685852154474779,0.05792725051986565,0.0657564035708746,0.08451831110217618,0.08812999089911305,1.730552089422918,1.8082548650308454,1.783518240813702,1.7981578941891376,1.6101328284771794
54.03237117633732,0.11138736857328864,0.05779106338684801,0.06874152863826363,0.09787350737113701,0.10084523050672047,1.7437440839232277,1.7770313318392619,1.7634415838368653,1.7688431269333127,1.6340526769430075
54.66065644434687,0.11097217066296715,0.05422512862796409,0.06725353528035716,0.1117841009032977,0.11261830408145596,1.7104568360071635,1.7714007480460952,1.7570666177795022,1.7359948736858424,1.6586936385597406
55.288941712356426,0.1068338123396917,0.04682366377831561,0.06194402605187674,0.12034210215087326,0.11853425955585208,1.70014665548943,1.745287177305371,1.771550753634624,1.737461547730527,1.6470850695916044
55.9172211645881,0.10119536219274354,0.0387953297794938,0.05156760814863246,0.12113575402683989,0.11828829591086677,1.6670510521207411,1.7535901285031623,1.7624272684160385,1.7402103551145132,1.673464181733581
56.545507401893964,0.09520375144666962,0.03535216670388964,0.04394671036736737,0.11656309348005027,0.1121469652488757,1.6972263595748762,1.7774295192664569,1.75110868223298,1.8332396189661322,1.6479248932532626
57.173786854125645,0.08756019250974366,0.04127087773671427,0.04388885943788175,0.10931790295817888,0.10090207815962789,1.6737721510905603,1.8310467628039508,1.7920716709205953,1.8581308251852096,1.6462681807654358
57.80207212213519,0.08118094076626046,0.05099714516088949,0.05009390898971095,0.1016172018714802,0.08810113809691923,1.708872637855181,1.8345396334281605,1.821407966819087,1.8331653892481379,1.646707175434001
58.43035739014475,0.07918679190726244,0.0620483967811155,0.05939471362137061,0.09439834020025664,0.07659082119882599,1.7443301411193946,1.858698677875334,1.8545377397891223,1.8545759135329907,1.6548317985211893
59.05863781167274,0.08354546208995894,0.07171172823391805,0.06684390636177523,0.08936307990324649,0.0722452022018886,1.7166409348172649,1.8470796115708115,1.8103567532047216,1.847843080559737,1.5946385903909757
59.686923079682295,0.09217392384889447,0.07998305704398605,0.07163555186285404,0.09118588351880821,0.07766117938995741,1.79474381238178,1.8522139405212539,1.809841411637245,1.8682277025634182,1.5981696344647027
60.31520834769184,0.10044230250662325,0.08735020566698855,0.07670071867852452,0.10056861929707916,0.09213654741697237,1.8301666278403974,1.792355476162852,1.8040557467223557,1.9126220418974338,1.5532729492003816
60.943487799923524,0.10366502355962418,0.09286036864524652,0.07854821496992659,0.11468735647559097,0.10472355519571865,1.7783864892946102,1.7664191128935989,1.78346355807078,1.9111919199137415,1.604181952752247
61.571773067933066,0.1016691237844697,0.09468862692355502,0.07557609274873058,0.1273829065351523,0.11041065258527032,1.7986347293549743,1.7650612323641255,1.768821311333542,1.8738744821339188,1.6412267534120037
62.20005930523894,0.098355866850179,0.0910163818916604,0.07029340954509483,0.13189373891625683,0.10826446267931165,1.7954284672886727,1.7275745328042542,1.8061171320738705,1.8223028244627693,1.6778531546518232
62.828338757470604,0.09698808648194475,0.08644386472067199,0.06290837043521293,0.12667745076149073,0.1018045118793558,1.7807723298848355,1.738800622220073,1.8326500476805754,1.7675261429274447,1.68182674892338
63.45662402548016,0.09294840118218022,0.08848286822984437,0.06316766865707475,0.11861480832492524,0.08912372492332538,1.7893040958358446,1.8029701907371007,1.7986947643993134,1.7823756147615464,1.6797462959286718
64.08490929348972,0.08516668497126614,0.09865833323494597,0.07045782275547324,0.11024219241695629,0.07722459662395222,1.7578627333356849,1.7778276014009333,1.8232734435264069,1.785634132030618,1.6806181625327417
64.7131897150177,0.0778048270565755,0.10906383879915939,0.07955379087974135,0.09947998436491702,0.06487871222045337,1.7477141226654902,1.8115592168622412,1.8018440739784953,1.7466452660810166,1.6625491569536623
65.34147498302727,0.07839231623283302,0.11698136454167457,0.08677281628113852,0.09182241014066414,0.058680449269644955,1.7658246832140247,1.837076086148008,1.7846252810950805,1.7694702813818413,1.632330894807828
65.96975443525893,0.08383706512661235,0.1224883950538683,0.09206532059963084,0.09184617136042275,0.06093138663135761,1.8280692337472393,1.7873381631893992,1.816063683896717,1.7561122815433452,1.5992194043244201
66.5980397032685,0.09263336967801782,0.12739299677632823,0.0975630960832925,0.10036034094641717,0.07033424832218761,1.8624062515229969,1.8057950259960915,1.8263896019717007,1.7843224606832944,1.6045446005220354
67.22632497127805,0.09926226212710017,0.13055390908803718,0.09859218427090304,0.11273795747108344,0.08061862264676105,1.8005600658996508,1.8151424360734882,1.8426657054329243,1.834878261675201,1.5775872277182459
67.85460539280604,0.10247325230414193,0.13027211499065663,0.09566228842708792,0.12751136502020805,0.0829448049341011,1.8047070826868892,1.766571806691319,1.8232021189430072,1.8683422229117355,1.6197758068505457
68.48289066081558,0.10194561221814487,0.12556966195859165,0.08895566501082997,0.13411414850610417,0.07858263243618166,1.7627353750220947,1.7897621772291674,1.81636907149232,1.840055696872925,1.6720543458655026
69.11117592882513,0.10035114289221016,0.11886879592220258,0.07962828410212729,0.12757085051038503,0.06951019616743948,1.76225543265181,1.780731553208981,1.8398818606541052,1.832686098825513,1.6814224052139777
69.73945538105681,0.09801338924870312,0.11654324941554774,0.07408372863846863,0.11642872044589762,0.05893263385541722,1.75147150532748,1.8240391207677185,1.8617353439382387,1.8611054829941405,1.7066177714283282
70.36774161836269,0.09238136100216358,0.12291546657488696,0.08002622402167708,0.10794534205040757,0.04852484647102226,1.7265087714988152,1.84051377826628,1.8634178479333394,1.82824101426972,1.715075823390041
70.99602688637223,0.08626611009713052,0.13228014394806037,0.09237589383507067,0.10331008582502359,0.03817939200107912,1.7477684744875854,1.814209978268288,1.8481464889611736,1.7990549785550491,1.6899733370420595
71.62430633860392,0.08114218174126339,0.14311168067002486,0.10136927831561195,0.1004427930101724,0.030313895483247675,1.8105094470025498,1.7971487396967878,1.8637804957029869,1.7505007844749383,1.6610985658747799
72.25259160661346,0.08334368478540652,0.1505527005044021,0.10808532012831572,0.0992800139430047,0.033600041327948145,1.7551006851331183,1.7939612566681575,1.8463352293067337,1.7662664190958015,1.6630835852459576
72.880876874623,0.08614010632601524,0.1527124635430559,0.11343468345223255,0.1069835217722567,0.042686776450984294,1.7512205018952849,1.811859494097086,1.8598057164487325,1.752442061700375,1.663478151516926
73.509157296151,0.0895437160804596,0.150075478331918,0.11577245403640268,0.11927707082829161,0.051135231140754085,1.7328455641066363,1.825187138314181,1.84585806118865,1.7566467098356673,1.573414152499569
74.13744256416055,0.09064273176796438,0.14598144088424886,0.11424471255992953,0.12815122437795737,0.052321710020396144,1.725608581959836,1.839576470231629,1.8530136488187314,1.7398283235043468,1.5978599508756486
74.76572201639223,0.08992482618536929,0.1402842912919916,0.1077274482415813,0.13005564953225854,0.04378028734455239,1.6782575314002783,1.83108493625343,1.85626032616232,1.758898943352847,1.6816549684008772
75.3940072844018,0.08666167780264983,0.1336210806639676,0.1000846956573354,0.12282440310585299,0.030704209861550532,1.6445478383900647,1.793634015192675,1.8571354503767057,1.7761696890149734,1.701139889884133
76.02229352170764,0.08249991674090792,0.12803880790758168,0.09428230932935903,0.11112276622490684,0.018297466421600718,1.635613841848941,1.8455697572718552,1.8496925279747125,1.838297647837631,1.6703710893021044
76.65057297393933,0.07846622084977486,0.1264499980715466,0.09522645869778569,0.10128675403763848,0.008413672167717271,1.6313614487571482,1.8686285237825555,1.8816838434927692,1.794629292033463,1.6928207023635893
77.27885824194888,0.07496723203601541,0.13094522097329894,0.1052630109724857,0.09691086768747821,0.012587075815759732,1.640675770421703,1.8939566074893286,1.885863836206968,1.7960798831122915,1.6710045760057324
77.90714350995843,0.07361779565248439,0.14040561913947108,0.11729883520491206,0.09732310924884761,0.022118167550234408,1.6812697100027125,1.8329151416423024,1.9110760028839169,1.7972226360204642,1.6626981549385553
78.53542296219011,0.07708645746394585,0.15054097407962094,0.12646150035712447,0.10030614908119445,0.03231928806140079,1.7041937611282918,1.8090751516711827,1.941193256373103,1.7794907739929746,1.654663786886445
79.16370919949598,0.08083218460067008,0.15317977274204725,0.1298485530286279,0.10636777517952394,0.040263822472216874,1.7239511503860014,1.8687048706814153,1.934496810799938,1.813735103480624,1.7053415937815661
79.79199446750552,0.08334364203982227,0.14960168072075966,0.13000966768101235,0.116335201054555,0.04310835370114972,1.7136792685834887,1.8694283840245276,1.9857630480702253,1.8026433160186413,1.6802962780312225
80.4202739197372,0.08395583157993305,0.14346717172216272,0.12853689164816415,0.12436899577776614,0.03722631652910504,1.701047080718966,1.9168606771563006,1.9499188843757,1.7675643163768477,1.674249319208582
81.04855918774676,0.08037256191879702,0.13489803243851595,0.12247668520244254,0.1269734984312052,0.02584604657038293,1.6917136723296882,1.879221656003577,1.9516748630501994,1.717003582587059,1.6729132484780214
81.6768444557563,0.07488567749861247,0.12642048988368065,0.11085684450913665,0.12271715461187764,0.017827113617224444,1.6640889314194711,1.9379091964896626,1.9572823715242724,1.7689712928136163,1.6945134053161592
82.3051248772843,0.06745025573137726,0.1184741160727633,0.09953954518718046,0.11751638628243266,0.02713737584272165,1.6309415408132284,1.933733341811067,1.9469413553190007,1.8066348418838771,1.686732037177131
82.93341014529385,0.05878594574684419,0.11250762473254759,0.09447481489120287,0.10838910382091428,0.04037789255595363,1.5620720107467154,1.9437527780841901,1.9100071364053317,1.7621218243420071,1.6603504660660586
83.56168959752553,0.05259403576484073,0.11202018031739357,0.10118977979455815,0.10325914278672486,0.05140317947587752,1.637411940494175,1.924915274989204,1.9092832474415027,1.8068066224063482,1.6550099006883217
84.18997486553508,0.05237434318044866,0.11773715441321923,0.11394139737894121,0.10205865004513512,0.06319646024450477,1.6815951139212046,1.9327569370611346,1.97173196881508,1.7580564151977827,1.6370085937559498
84.81826110284094,0.058115067887767234,0.12579334712400211,0.1254229425056188,0.10451863112320292,0.07205435477521045,1.7460888271642347,1.8729212869810463,1.9804568894804082,1.783842718137555,1.6405000886078525
85.44654055507263,0.06635435934600484,0.13521337294438915,0.13474098189071823,0.10955242554714927,0.0742448028590371,1.7345442826069901,1.8469650912225266,2.0074462726893936,1.7575437858975842,1.6817504020245497
86.07482582308218,0.07118048774403526,0.14066878022148177,0.13780057529063577,0.11416903135187988,0.07036520558457253,1.7797416467498497,1.8813402824477634,1.9663525543617644,1.756856663807627,1.7195421169751142
86.70311109109173,0.07542880705168295,0.1387517128913832,0.1372471502235153,0.11894443127801675,0.06403026405599935,1.7388548915328266,1.9004636857042643,1.982060189198204,1.7759980016612489,1.699612222250105
87.33139054332342,0.07762545651786383,0.12826895335969318,0.13156645549297644,0.12253777213653314,0.06040984600199984,1.7671416821492745,1.9173348872778775,1.9632002160266118,1.753437434940935,1.7222116014690467
87.95967678062927,0.07763715498105173,0.11212062777267699,0.12276955824454083,0.12214390140653172,0.06431016837831449,1.7710762737258183,1.9571527530455466,1.9820036686342684,1.7756952611086654,1.705475200854582
88.58796204863883,0.07569246323053526,0.09652779409143808,0.11255443145198964,0.11950451848878905,0.07641441231070782,1.699974873376781,1.9425693901972652,2.0156531356658864,1.783632762222151,1.7143854839353734
89.21624150087051,0.07020318216863133,0.08462537730431612,0.10933784484031771,0.11439077677323223,0.08850147495279717,1.6844798036598956,1.989981919568273,2.0606028010415502,1.7919571505723093,1.6812923206312023
89.84452676888004,0.06085030171950049,0.08148339460791805,0.11893894512431957,0.10871387882520626,0.09967950285626304,1.7540291224944615,1.9990832031459507,2.1351331670748253,1.7640305508191767,1.6544729199337018
90.47281300618592,0.05235650821299458,0.08629055386722444,0.13470487545279575,0.1067486917497547,0.10977747225926685,1.7846634548978422,2.031075351998766,2.1380574343575125,1.7141182673157433,1.662659981135714
91.1010924584176,0.05076724598416475,0.09645367958301544,0.1435331901880273,0.10707642188712853,0.11814261474034017,1.785639444689131,2.023956289574338,2.1695307390328087,1.7037764823543122,1.6413819792364428
91.72937772642713,0.05589560463737607,0.1084903095196229,0.14624225228874363,0.10937529606050798,0.12301120770271583,1.7466996080090782,2.0402179777703204,2.1659624842073018,1.7116369701334928,1.6596442507141453
92.35765717865883,0.06328325537336081,0.12148447096345001,0.14502727702416982,0.11008184308539468,0.12228611493298708,1.7492028871938605,2.0107101026168928,2.095455160384802,1.6886788830987394,1.6691722504324413
92.98594244666837,0.07036679734308109,0.1297416587913929,0.13972207818373542,0.1096143330360911,0.11671631557611077,1.7540482091897744,1.9716937954245894,2.05309855077765,1.754888023781978,1.676766180016331
93.61422868397425,0.0788420795538195,0.13064349863774682,0.1279548425660011,0.10711983361410153,0.11335891714461477,1.7392366295608572,2.002425912994219,1.982270145113674,1.7636678633555247,1.640290132692446
94.24250813620593,0.08823969473008715,0.12060388763295474,0.11193281388629546,0.10355490663321876,0.114352154646581,1.724790966273787,1.9614090926586398,1.9627069899397482,1.7774321530584531,1.676806940321425
94.87079340421548,0.09445012019921793,0.10577347935500471,0.09868808701139758,0.09904425405756828,0.12241866040144442,1.6784293119227809,1.9176050594204976,2.01229430076884,1.7842079403348918,1.6718634786182172
95.49907867222502,0.09428715312954862,0.09222600392578208,0.09822809015160756,0.09386795572193572,0.13342541745435277,1.7012155219679306,1.939534572874401,2.0084382869359403,1.7626562575812186,1.6890571657748485
96.1273581244567,0.08786137822255224,0.08687282346549217,0.1092445057002674,0.09045785815793841,0.14353343442556799,1.790217496738317,1.9868486314739096,2.075296377383911,1.766874468415462,1.6789993233636575
96.75564436176255,0.07893878763946888,0.08840769810734583,0.12063860189233433,0.08994248086449905,0.15228301664869096,1.80014535547811,1.9723076124751622,2.0055376002170098,1.8274584585561102,1.6676071390050746
97.38392962977213,0.07375561220174079,0.0913795819780556,0.1284362730674906,0.09368916555552108,0.1592507227922638,1.820909480660517,1.96717240610464,1.9816784511702732,1.8164622326337214,1.6634234571918771
98.01220908200379,0.07691192012772474,0.09289809848539944,0.13040481573358542,0.09917039428802941,0.1636866883872896,1.7766686840695278,1.9881877674442958,1.9871761710340077,1.849446365436426,1.633785462796862
98.64049435001334,0.08047778884602796,0.0993275187341255,0.12921020039826875,0.10229541936782795,0.164083127534012,1.7058924770077881,2.017482777392212,1.969327045210257,1.8268830383638244,1.641665747403359
99.26878058731921,0.08353204130186583,0.10546706681056754,0.12474654636704613,0.10222656000055387,0.15994290525028898,1.7521966356129188,2.026379974253846,2.010556932991539,1.8962454804944537,1.6236654415712142
99.8970600395509,0.0890877077749234,0.10744407535995106,0.1146404185238087,0.0981113451031265,0.15716543441483594,1.7457834367418503,2.0726657101540216,2.0190124303127597,1.925295744428495,1.6437830356491632
100.52533949178256,0.09688721211477405,0.1028542720836835,0.10139827430560955,0.09268592052788321,0.15701381544945756,1.7003823923391592,2.0278312106195715,2.0302552022215026,1.9499771811391802,1.6973285446517217
101.15363057556999,0.10442106443327769,0.09108032977839466,0.09295537340795025,0.08773454797485244,0.16238779553268437,1.6250587853735745,2.053197070723826,2.0343964728427166,1.9698827461036943,1.6692449621194332
101.78191002780167,0.10821957922341467,0.07775398467708335,0.09223595673104949,0.08208519020146078,0.17194226988261307,1.6246363670879254,1.9937382969587494,2.023990989007839,1.9698033595269038,1.7027971077447381
102.41019044932969,0.10384361380229953,0.074034065480728,0.10249704755873537,0.0791943589695364,0.18097073476550177,1.7043142212367948,2.018555148269303,2.0088782684098496,1.9712968553069008,1.7122351386759294
103.03848153311708,0.09389597733613825,0.07801099363890411,0.1135668701544322,0.07907535694145214,0.18825138076333686,1.7858468427847904,2.012064798202294,1.9622861593456937,2.0035711270783825,1.7152634813998768
103.66676098534876,0.08654154769901636,0.08403161294645405,0.11933242936875894,0.0847966451421023,0.1936002023066239,1.7972035491189386,2.043539098614271,1.9416532189299314,1.9910692066598836,1.6968827953495786
104.29504043758045,0.08367076618088037,0.08904618339876547,0.12042037584715097,0.09749361393644586,0.19732912419627888,1.8315232383813997,2.043574460032537,1.9037657112841744,1.9697287195674118,1.6739258542974589
104.92333249066418,0.08290890793696436,0.09672263415395752,0.1194641976593343,0.1090770787052374,0.20052546449867903,1.8184663572809479,2.0267998860847167,1.8777311861344124,2.044092618754962,1.6878165171836446
105.55161194289586,0.08450433000390956,0.11115636793768637,0.11536640104759374,0.11611764619017652,0.19894269607499462,1.841046161639622,2.032831346927737,1.862480751914133,2.0338811265049137,1.673463167329277
106.17989139512754,0.08801160839603415,0.12394324800788234,0.10567038755835316,0.11614022358920124,0.19562047234222896,1.8106262938540305,2.0507732413712336,1.9075477848326021,1.9557031455531333,1.651501742792919
106.80818247891494,0.09330324061632558,0.13095276783615353,0.0932299318927377,0.11043523216573806,0.19459971204922033,1.7983105894002311,2.035369904814135,1.9737383001868225,1.938064881466285,1.6927981984495377
107.43646193114665,0.10116714656107573,0.12822700194106898,0.08365135047956983,0.10364421634306116,0.1979755125437094,1.734557662678345,1.9816181332672869,1.9633138230621312,1.9405622716915063,1.7098019897523784
108.06474235267464,0.10896202532527784,0.11567855710358511,0.085036294665183,0.09456213978482197,0.2069215488392885,1.7621655483647176,2.0018162456326705,1.8775819044000615,1.901459176005833,1.7046959521976175
108.69303343646206,0.11293428082217366,0.10462606142130632,0.09821446051443072,0.08946997545611307,0.21494337138142308,1.8154888006621994,2.021188337072512,1.9112096111937193,1.8333923141773432,1.811461464466383
109.32131288869374,0.11181393870388191,0.10622953900226474,0.11430864697369446,0.08848539231141724,0.22064086034242067,1.843145720793867,2.0273343193239817,1.9123548252777742,1.8558766840290306,1.7979288513722944
109.94959234092542,0.10787448049593551,0.11930964027824115,0.12775090402861417,0.09734452801299107,0.22201845806103465,1.8020727401808656,2.0512281539912376,1.894260625021046,1.9013226369032872,1.786440881447119
110.57788439400916,0.10582667284996033,0.13197042515467136,0.13515605028294583,0.11124910885421432,0.222373829563873,1.831235494318928,2.0783726936731397,1.9106751779544542,1.9605874251208573,1.8197260927734513
111.20616384624084,0.10508328431417499,0.14524458114867178,0.13624229523966383,0.12421947288996374,0.2226241046763687,1.8438901099486324,1.9701499627234231,1.9047964123226568,1.997138841305915,1.7981006334849765
111.83444329847251,0.10443861185513374,0.15490609008151274,0.13136969979467636,0.13498914387983185,0.21980654080133122,1.8810747426924184,2.0426423719034528,1.9407583784328726,2.0128673569514355,1.8275942350669927
112.46273438225994,0.10586930103004011,0.16414183770291146,0.12040803912090908,0.13876619219446634,0.21603076369961555,1.9135763869675155,1.971657827934055,1.9481045916038908,2.045562310162955,1.8620799269847248
113.09101383449162,0.10970435997192801,0.1657784858252827,0.10702869136422648,0.13587353751486836,0.21440697296494665,1.864367478846056,1.954705643810342,1.9929748220806378,2.0334771643697027,1.841081495060677
113.71929425601961,0.11406061565135912,0.15869963501908935,0.0935952848216396,0.12572217029158142,0.21717465054448828,1.8656110037441465,1.9383511849874213,1.947283854843612,2.045199659036309,1.841561507977425
114.34757370825129,0.11585037953455538,0.14648896552019572,0.09091503929477746,0.11288946006433864,0.22525655897200528,1.8812083485287958,1.9144189421292426,1.9335818363675727,1.9734918083321353,1.8436460219739548
114.97586479203869,0.11479007675796656,0.13695985692535204,0.10091050602124134,0.10388239211433302,0.23386206935956996,1.9111141766866786,1.8658018727581194,1.8999674262679027,1.932090681327611,1.8703636421932013
115.60414424427039,0.11074375129159028,0.13815202154164433,0.11793195039852211,0.10540618574417411,0.2407246531107866,1.9338085024536797,1.8888015889474896,1.8937832702133879,1.9670006239918636,1.872386853741748
116.23242369650208,0.10542090768605077,0.14901552101421747,0.13603262225746746,0.11867934212992548,0.24271979071423105,1.8766246818343324,1.869276372173156,1.8832095307515735,1.9465576859864235,1.9201419442433583
116.86071574958581,0.1017988397649729,0.16523837922960094,0.14980824865322162,0.1351276419782977,0.24079054906362163,1.8364653053030777,1.8650956574062896,1.9106751779544,2.0005744835582258,1.9070295797866377
117.48899520181749,0.10097005389725155,0.18226450327694999,0.15258945358522688,0.14743145133461544,0.23731858286583782,1.8981159968318553,1.8782656193736775,1.947455636956231,2.0372785949544245,1.9511775827296256
118.11727465404917,0.10011946204661867,0.19373760946280102,0.147830779176291,0.15611547991994965,0.2336605531646032,1.8780018084570482,1.9336581825597816,1.932684768609388,1.9943915784428403,1.928829285904081
118.74556573783657,0.10146566460840428,0.19853657560648225,0.13929438597740454,0.16105425077533073,0.2290290075488809,1.890401972192985,1.9508691825471876,1.8964143368588477,2.0089887076510156,1.9175625909853715
119.37384615936459,0.10631981898588971,0.19698757455984142,0.13444892512174192,0.16255717367621278,0.2242905004387237,1.940298048930523,1.9208294095004537,1.9511012351241157,2.025826454113189,1.9480282439983267
120.00212561159626,0.11572248621927438,0.19367209022009613,0.1275743042310172,0.16083353965313912,0.22236901186938532,1.88174277187403,1.9177972611332301,1.9879594117511692,1.9332764515987773,1.969808104559175
120.63041669538369,0.12641240767149864,0.18700473178118796,0.12358480031419623,0.15250085638566313,0.22413772418468256,1.8726158965587112,1.8811668283868477,1.9658935837106395,1.88815263429995,1.9734138228630618
121.25869614761537,0.13221451385074193,0.18073754576359902,0.1256706433592152,0.14278743624700568,0.22884481793758235,1.893535140495311,1.84268763516018,1.9192833704868149,1.8479556199472005,1.9701499627233
121.88697559984705,0.13020638956594713,0.17855520084750331,0.13575862577142503,0.13981509583915072,0.237408061347543,1.8747542030114364,1.8339663127622743,1.8956348543603476,1.8630159940721713,1.953715130461589
122.51526765293076,0.12474304564576419,0.1874524672001606,0.1519512476881653,0.14553226843060652,0.24500531389266042,1.9143207761222165,1.77760130137913,1.886014901342889,1.9269181310475771,1.9880534762384974
123.14354710516244,0.12116631567333981,0.20515135553518615,0.16554370712857716,0.1577140999483488,0.24669883450045496,1.9224708830209443,1.7841481085598994,1.9192833704868149,1.9859539170842526,1.9381030552691696
123.77182655739414,0.11647376577622578,0.22582171800640735,0.16892367319978346,0.16713988466948168,0.24347780285609832,1.9841993617860152,1.8061791281592574,1.93333371124288,2.053464444645661,1.9946969632113896
124.40011764118157,0.11492989314333105,0.23893765350806911,0.1650333586987008,0.17081003581001575,0.2367512832484623,1.9277931543534517,1.8154287391526913,1.9280985443047243,2.0398140058588,1.9572251109084768
125.02839806270956,0.11909278596215182,0.2426230715761815,0.15643267136239136,0.17278690394834073,0.22868835985447555,1.9381794028748702,1.819859701083481,1.8457033655817554,2.0572434938212316,1.904452848097473
125.65667751494121,0.12300256632409066,0.23950838054308676,0.14669695979372513,0.1783323616156801,0.22377750712091518,1.9388878967242944,1.8004340771972116,1.8704626219787304,2.082705036252378,1.8710733915161857
126.28496859872864,0.12976010041652397,0.2343486396700094,0.14104416907786005,0.18439890138657145,0.22211604472081448,1.858606110929582,1.7949894685563623,1.921516537950754,2.1054188329599093,1.8763760161348682
126.91324805096032,0.14160634499585548,0.22686893035230934,0.13637114310920395,0.18712295438763835,0.22313585560296625,1.8375914324857787,1.8117859417902131,1.9068005369699028,2.080777643249752,1.8974097814799165
127.54152750319201,0.14694801478202318,0.22228167890200964,0.13566783738724977,0.18272199227914304,0.22904565466347784,1.8982497074086266,1.8244230534620536,1.8958638925835172,2.039871675424066,1.8884201503294709
128.1698195562757,0.1411509596757786,0.2225489751503964,0.14292926827229452,0.1778780419986874,0.24055663050165998,1.9393627907617814,1.8460278429055745,1.9107896993628488,2.0577588401589075,1.8465813630461396
128.79809900850742,0.12952234739252869,0.2290167224108029,0.15662830687515436,0.18100937884658522,0.25499121201981045,1.985953917084183,1.8063652617919728,1.897066217254612,2.0608509181859787,1.8253185548842379
129.4263784607391,0.12106504828171533,0.24283263240260827,0.16821817266990322,0.1942523724540403,0.2664128514152613,2.040962755675469,1.7894783986188634,1.8724857960717924,2.1255925097122423,1.7944409011108209
130.05466954452652,0.11951036395415447,0.261114445734508,0.17158698791654386,0.2111225515774445,0.2656906499324701,2.0530412081237457,1.7512205018951454,1.9519189605047889,2.0880847050335536,1.8063052143581548
130.68294996605454,0.12038660952286209,0.2760784695271248,0.16802055305166425,0.22255674353903118,0.25309910883327763,2.0643056473399666,1.704689338023188,1.972364043286063,2.1012388015529555,1.843718327835959
131.3112294182862,0.12499624849736153,0.2820252119568346,0.15784249995715746,0.22712604748733417,0.2344219813179004,2.0202149051008598,1.682319489579835,1.9114577409118627,2.095951729864399,1.8977342588038009
131.93950887051787,0.13209266267184316,0.27941046204696823,0.14383458325885537,0.2279398228208022,0.22184332472426999,2.0802810446506643,1.7092767237286328,1.8805594058951705,2.1087390877875096,1.9336200094636093
132.56779995430531,0.14348854924206067,0.2718817791655401,0.13252553056291974,0.22784871041928254,0.2185083585016681,2.0491315607250304,1.7424623158978572,1.8556094674093166,2.0774946962086367,1.9320715944261488
133.196079406537,0.15618102160666314,0.26337949616977324,0.127034639571056,0.22769034503864388,0.2187096598060164,1.9882221909638966,1.7658601326849284,1.82088758453211,2.0116226959808805,1.90710298515389
133.82435982806498,0.16428235605287625,0.25871287909766827,0.12768880235283525,0.2247534484108095,0.22037634086874225,1.998170714955884,1.7978573932111432,1.842748954215716,1.9804965714651412,1.9614672830630688
134.4526509118524,0.1637830927366456,0.26053577617850937,0.13711383986900952,0.2156233902215699,0.22706235350633588,2.035274470307166,1.8141718044655257,1.8562393351557311,1.9081366200679304,1.9245513552738354
135.08093036408408,0.15495193488136927,0.2684665438959227,0.15138894849672713,0.20972869466879368,0.2380637973534835,2.0572244069195884,1.7636487764541708,1.809018341086846,1.8980969099303926,1.9024296365486852
135.70920981631576,0.14610520505471478,0.2814631359970711,0.16511087929470109,0.2183976328250384,0.24765805817745198,2.0659820328694636,1.7695302259670078,1.8394250570819377,1.9193021374248753,1.900673695270774
136.3375018693995,0.14433721927385185,0.29781302818943534,0.1708847450986021,0.2346320026726533,0.2508483012709974,2.086179236346649,1.7795863391249886,1.851792087129055,1.864713919378409,1.8741237617695325
136.96578132163117,0.14682346402323065,0.31209463142969457,0.16669525714728636,0.2502949642663001,0.2438193005264216,2.146894669706625,1.7395420199833334,1.9032694602104268,1.8594459345912147,1.858071677690262
137.59406077386285,0.152120523085392,0.3209743042261823,0.1570428744932704,0.2575450814863971,0.23214850133545892,2.153439783311667,1.7290313009564733,1.9013637432655048,1.829102072362578,1.8940726819118237
138.22235185765027,0.15815916910981573,0.3208693327803575,0.14292962317827113,0.2555376496387961,0.2248429617619113,2.1334765780208764,1.686270478170073,1.8825410852876916,1.8562965958599014,1.8880381128916097
138.85063130988195,0.16365083210892373,0.31267797571725603,0.1299120615871023,0.2470705661927277,0.22481734657374525,2.144123761094378,1.7328207573304613,1.8628977897056853,1.8438109177503321,1.8653981699315876
139.47891173140994,0.17343846637580973,0.30313718346193513,0.12171791621588357,0.2382208430760021,0.22595909657569957,2.137865160105988,1.7316652445868768,1.855193383541769,1.815130719192843,1.842748954215716
140.10720281519735,0.18454181254916036,0.2960538946930358,0.12135319368273705,0.22851488488881339,0.22614557007902528,2.1874925089888912,1.7489900361772726,1.8045901799616753,1.7978143299637912,1.8498643100874723
140.73548226742903,0.1926866147774649,0.29700164023881365,0.13077900711889268,0.21777863609686013,0.22830437301197584,2.1281704194310738,1.7470813460371561,1.8012881460189254,1.812167679818204,1.8086556899601904
141.36376171966074,0.1894990884055747,0.30406690735811354,0.14687562118506428,0.21159165196678095,0.23115444416184025,2.1335101356779114,1.7448131843794963,1.7658847009144727,1.887141353583214,1.7559787977607824
141.99205377274447,0.18218462838013774,0.3175540032180613,0.16241008399467882,0.21567782060031404,0.23271923037342893,2.0648973412832756,1.7834800670109945,1.788938920811879,1.8737992844455824,1.793901515176478
142.62033322497615,0.17467156989406765,0.3326045184901624,0.1705020631636876,0.22847654858213737,0.232527646768342,2.08591201972697,1.723489935904129,1.8094359670614002,1.8734366333189905,1.8251467727716828
143.24861267720783,0.17467860721425688,0.3457615902111759,0.16838743511137486,0.24200282704841558,0.2280169386422526,2.10604788451303,1.698206525861859,1.8553269893781892,1.802476337838269,1.8546207871004186
143.87690376099522,0.18535653779877587,0.35285586445512773,0.15918698691402003,0.24849293365130684,0.22060631353589522,2.1239140404184136,1.6820713598616328,1.8179319240416187,1.6245029793764736,1.8819875651471691
144.50518321322693,0.2014308837959264,0.3523438737881696,0.1443595688397489,0.2414558843847689,0.21466800095244062,2.085412542959983,1.6335094766943887,1.8332940513029095,1.6403448627071615,1.8768312062328494
145.13346363475492,0.21750240968890897,0.3447186992038369,0.12881638350975944,0.23092073146360442,0.21170253362533634,2.0708141168196774,1.6741765618716655,1.8301900056013936,1.7284587045151227,1.8489520823306254
145.76175471854233,0.22921202394679283,0.33408771336988974,0.11885883655002606,0.2216048871631131,0.21177734012326552,2.0353317310114445,1.7038686012628492,1.8282006769960093,1.7399428449127414,1.8492726161439828
146.39003417077402,0.23511663258941837,0.32645350577978977,0.11876097110341445,0.21285451862484836,0.2134448305701727,2.073123795787636,1.720951378017659,1.8307964955866491,1.7414507101236052,1.8199742224917574
147.0183136230057,0.23642199155658378,0.3265076786759736,0.13032822060019222,0.20614053945183072,0.2151466576616358,1.9842512744116716,1.6896340591055772,1.7854483824799146,1.7474089509091144,1.7926821730293432
147.64660567608942,0.23218797043623707,0.33444011110235955,0.14597307840881305,0.20156750198956858,0.217829030241056,1.8696001661370927,1.7173057798499516,1.7909812192619539,1.7659773784252049,1.856143900648745
148.2748851283211,0.22417919743751458,0.3474112575660221,0.159158820433747,0.20462816054155175,0.2196500992108923,1.914091733305427,1.6622973300090385,1.7736312258874294,1.742443228996503,1.9113813933062298
148.90316458055278,0.2174965468018734,0.3626659873928453,0.16509697511077634,0.20992345644617602,0.21986817726057878,1.8278761996721251,1.66248819902312,1.766206421241994,1.703601384643135,1.926498219216815
149.53144403278446,0.21468627867158296,0.3750299250645456,0.16013462805016443,0.21425463700276495,0.2165822318993744,1.8229180307957102,1.5646770357306785,1.8339882286625437,1.7466672713512192,1.9398803972227945
150.1597351165719,0.21573857236604552,0.3827702858199046,0.1483218595285255,0.21518997909043952,0.20919629712673085,1.8706279728474704,1.5802593897920714,1.829667545631388,1.727400085695074,1.7357960235025525
150.7880155380999,0.22206491661543817,0.38038097798067716,0.13268577133092083,0.2120534532473785,0.20364319371121994,1.931002727947618,1.59360357186288,1.8558957709303847,1.7051474236567064,1.7884999220796547
151.41629499033158,0.22814955101323212,0.3714249247712208,0.11770547968014569,0.20682137920907645,0.20163039141353747,1.9251264955830836,1.634132984070904,1.8152070653851602,1.79279945797887,1.816409517911964
152.04458607411897,0.23397441245119818,0.3633143606658271,0.10982116601819286,0.1982615029595745,0.20222495722615988,1.9465394656889654,1.667088142261018,1.8476311426233163,1.808121256721043,1.7801207723641372
152.67286552635065,0.23991867750787257,0.35774330195396054,0.11396809893543951,0.18839724473243133,0.20431527357289858,1.9350682379462372,1.6880455600003748,1.8361599148805916,1.8367516088240814,1.7999138891180815
153.30114497858236,0.24475250976724625,0.36032669233597797,0.12864303104278157,0.1785341602396306,0.20720232228564253,1.9636973796896657,1.6547820761413103,1.8318667957162726,1.839386884044854,1.8408565459770674
153.92943703166605,0.24418115378860691,0.369668290014213,0.14597237401100346,0.17519855109477464,0.21044686563910053,1.9091673127435778,1.6518567949420346,1.8387366465698773,1.8518875216359114,1.873417546417462
154.55771648389776,0.2401400563364276,0.3801817754271471,0.15798738005360108,0.1785515175125278,0.2105547091139509,1.8841825588082497,1.649604540576691,1.8267309855880705,1.8232953433356898,1.8749254116283918
155.18599593612944,0.23434869877686143,0.3912785063393007,0.1621210795206713,0.18809028416250034,0.20853854265469063,1.8385308270976333,1.631556300084664,1.8269643789815497,1.8636487243263669,1.8999513387101392
155.81428701991686,0.22979524636570867,0.40170529662973703,0.15673224214394796,0.19986770964056402,0.20449597311692747,1.8837626469774873,1.6071552718584312,1.8241924277016013,1.844500890793357,1.8965890447197462
156.44256647214854,0.22899297121906587,0.40821270074315374,0.14348448489543195,0.20903869869033764,0.19786763924916387,1.8543659579414162,1.6144058037199696,1.8210975401235217,1.809988980645505,1.8899820610099565
157.07084689367653,0.23507448356424254,0.40720624353999646,0.12950184289333133,0.21433265663376377,0.19038021603540028,1.8873923900958147,1.6112672995114117,1.8387407791259809,1.7694566097183368,1.9312151044097852
157.69913797746395,0.24871519681633342,0.4011308935990125,0.11889593218667581,0.215146428528595,0.18316661117764685,1.9830527080710825,1.6544526135328406,1.8491390078340715,1.7430158360385306,1.8798689190915279
158.32741742969566,0.26253594676656994,0.39585750927525704,0.1146150597318092,0.21261387005717314,0.17959585712740012,1.9576098685021088,1.6602168577562557,1.8143817603808527,1.7371752442094825,1.8616409282524462
158.95569688192734,0.2718029096957029,0.3952748970837015,0.12232445022502758,0.20694453272399035,0.18335731695780896,2.0042371451970364,1.6706811461353275,1.8370583287755538,1.764109654684555,1.8648292133391937
159.58398893501104,0.27092518865693177,0.39756422549723375,0.13568866923365808,0.20224399514962246,0.19085187051187052,2.038175679320336,1.6707910011330047,1.8553231638883574,1.7953521196830629,1.9073731440118218
160.21226838724272,0.26479664815119197,0.4057507951279086,0.15172057392472338,0.1993256229531803,0.19995728613486605,1.9996010515867904,1.663175327473596,1.8704781636016503,1.8211576103786284,1.9467112478015847
160.8405478394744,0.25933636333586346,0.41517785242695654,0.16231675111583116,0.2018124474374464,0.20470921273584938,1.9669260358042078,1.6418248629334624,1.862866175856322,1.82257447293077,1.9695599794345502
161.46883892326184,0.2566396938856032,0.4242295435895572,0.1664656197645256,0.20717119089470423,0.20473091369561652,1.9935505038421986,1.5951496108764516,1.8741237617694666,1.7940351234862804,2.0022732177830624
162.09711837549352,0.2519923874908039,0.43172533570135163,0.16220665110678562,0.21108412841950183,0.200797137414841,1.964859859690687,1.6210480351605048,1.8407951919813763,1.7936887919958084,1.9908180055497293
162.72539879702148,0.24873536887026024,0.4371124708953446,0.15051645812201792,0.21860940075021584,0.19426016276370245,1.9133691819865186,1.5950628202202048,1.8357251045347018,1.7756406512853131,2.0026751402947345
163.35368988080893,0.25220312587517946,0.4369638365864167,0.1386743640188653,0.22789405669751625,0.18542257226316175,1.8743909783890065,1.5975163866503546,1.8332777927688841,1.7432639657566127,1.9518074504759175
163.98196933304064,0.2646151026215904,0.434292652182127,0.12907359238955254,0.23099862976267954,0.17643213321850493,1.8606484093796134,1.586846808766731,1.8336404438957135,1.692989067463738,1.9816402773673834
164.6102487852723,0.2815308218510503,0.43144338629008,0.12774830253708366,0.22694285756107793,0.17220726968810543,1.914874065109574,1.6255606161637854,1.8144217177153215,1.6978030890665032,1.984978847929013
165.23854083835602,0.29153464716686106,0.43144141820580295,0.1353201065578777,0.2183507747041956,0.1750524777650744,1.927605259498121,1.6829875311290163,1.849730701777626,1.7764751741964917,1.9873854346895532
165.8668202905877,0.2924679576849097,0.4362693093173794,0.14869759550994788,0.21720885597323641,0.18637196178943713,1.8284106329113807,1.6536509636738577,1.823333517138442,1.8140763699583673,2.0055752517254617
166.4950997428194,0.28428718779625134,0.4439490038905742,0.16272905038197788,0.22382908379289718,0.19662722558224185,1.8650002228992597,1.6342777587508366,1.8299757588264343,1.7649466857495526,2.027601535943658
167.12337919505106,0.2728103671997823,0.45255638855700003,0.17301732272259437,0.23189741980005274,0.20451920404751436,1.883689599774763,1.6155808593699184,1.8809411368561066,1.7200987964708412,1.9922920581576737
167.75167027883847,0.2665864767531164,0.460710107719674,0.17627976866672113,0.23846002066602767,0.20607100996557456,1.9277358937376894,1.6197310409955532,1.869406413042337,1.7640659667212775,2.0062020243456717
168.37995070036646,0.2626273174985367,0.4680064416113596,0.173901121846065,0.24580282715316304,0.20200429878695222,1.8706690326155575,1.5894235404559054,1.8875991141592106,1.7940160365847553,2.0326404779136387
169.00823015259814,0.262261067922741,0.47465469051455583,0.16526713464291912,0.2538710270332775,0.19488380098709235,1.9020699455432755,1.6072591244217411,1.8577509809800548,1.7630435295748421,1.9980371091195026
169.6365212363856,0.268049802240071,0.47897265912485687,0.15531964573124843,0.2616691333100569,0.1832227370073559,1.9503186721665446,1.6266429981900739,1.8584152419155655,1.765213902369158,1.995191977362935
170.26480068861724,0.28193790102774985,0.4779562597796136,0.15098971711824427,0.2645414179707576,0.17210215443121513,1.9662180610345241,1.6081287038298668,1.845627017976058,1.7247305844952785,1.976544074693021
170.89308014084892,0.30031546544667476,0.4763611715615227,0.15303534288326603,0.260614077233069,0.16316583571837345,1.9917927350694935,1.6374896902891725,1.8446165901413476,1.7903917907974292,1.966541270961046
171.52137219393265,0.31759067860600293,0.4766188961293072,0.16122240360314632,0.25243566852816735,0.16293463493232405,2.0261318445355774,1.6498908440977011,1.8519829561428978,1.8612973640271426,1.961961682021795
172.14965164616436,0.32765728207679784,0.4809581382641269,0.17224745345253936,0.25044400684030405,0.1709429033751789,1.9244177469638566,1.6212986657973067,1.9023532889430945,1.9198178037259588,2.0335184753781963
172.77793109839607,0.32422334467743485,0.48740494562575765,0.18444885107284018,0.2574945618053361,0.18318351658455723,1.8639922821911556,1.6923278690637782,1.8719895458226081,1.919725002486154,2.0038394197256824
173.40622218218346,0.310897776110488,0.49703957051405917,0.1946015170054987,0.26733900205460526,0.19472015406827292,1.9054042535498625,1.6565305301251465,1.8239605709166793,1.8802095825688407,2.010324788687874
174.03450260371145,0.2969952911525576,0.507088988229808,0.1988084192543377,0.273231873849452,0.19810839558536816,1.8858812930331526,1.6768606357789004,1.8567928552963615,1.8700009910666748,2.033232171857271
174.66278205594313,0.289116423485621,0.5159060583451494,0.1958391111783439,0.27711128707143323,0.19478976508756798,1.901764560774548,1.6468255385215247,1.868344015145636,1.8663590141488529,2.016341108695806
175.29107313973054,0.29049799842944657,0.5241662598259613,0.18754713356169886,0.2865309925299205,0.1857709711235099,1.8728067655726843,1.6300977273437518,1.8635877921955344,1.8823120424709026,2.03489273227922
175.91935259196222,0.2955972888614151,0.5303020478691252,0.17617838381668705,0.2972166171010392,0.17593722644953394,1.882464737682125,1.5976309080589153,1.8496161803691773,1.7999520629209154,2.008533721442943
176.5476320441939,0.3050193893900323,0.5331385573060293,0.1695937814363669,0.30300232793293164,0.16663599765524667,1.9235393445541527,1.6399709377071452,1.829767278670014,1.7657320087656054,2.0184566015542478
177.17592409727766,0.31801650384233,0.5327826870305767,0.17279961903467075,0.2977997548415055,0.1586945029344736,1.949001675969871,1.6237227022754412,1.8582434598029465,1.7951803375703983,2.0300828331258494
177.8042035495093,0.329956003054585,0.5324881128737258,0.1833678953927834,0.28634851332331196,0.15535749766586715,1.9614654225852917,1.6007802467901162,1.8432984160050676,1.885041469371387,1.999791920600693
178.43248300174102,0.3383021039393156,0.535403323882308,0.19387108427769364,0.2802860493595231,0.1582647565436548,1.9445756880421972,1.633617647273656,1.8687830057507406,1.8766657500937707,1.961352763774864
179.06077408552844,0.3391925873866096,0.5454310893054523,0.20452624586054483,0.2845694677572992,0.16521303928304565,1.9147186470640158,1.6217733362946523,1.8584887222838682,1.8808012755996535,1.8492888500013327
179.68905450705643,0.3325044133113705,0.5589775641776623,0.21272077492025931,0.29313144993812046,0.17626373324259062,1.9316898563981622,1.6368163166373058,1.876490537543383,1.8952147878187517,1.8179319240417464
180.31733395928808,0.32325334897143504,0.5722784054895581,0.21621390282001324,0.301434199898887,0.18193203897807153,1.9163466834819103,1.6578003036481508,1.860365838062291,1.9285811607794425,1.8818191180662933
180.94562504307552,0.31772696418770713,0.5825079539391207,0.2135031819287392,0.305850411902836,0.17791373968583732,1.9362516258331084,1.6290479477665176,1.8685122127571425,1.964156675682918,1.9141680809108839
181.5739044953072,0.31938760804416744,0.5896865326978867,0.20581434403533494,0.31206834164634917,0.16733985368463117,2.002502260599922,1.60788057411178,1.83184627516389,1.9506049756877208,1.9166493780934262
182.20218394753888,0.32721068220133104,0.5959994759335767,0.19593005129998964,0.32318270123797893,0.1552425608206034,1.9541732069078601,1.6114938519552853,1.8307597776372917,1.9111521939824423,1.923443911961133
182.8304760006226,0.3384331093903969,0.5980289453640939,0.1915759576430064,0.32852572997475404,0.14570751291478692,2.0006699180653906,1.635671102553251,1.8349956138952035,1.9320143337220463,1.9081366200679972
183.45875545285426,0.3466566737897199,0.593862064340251,0.19309038990339042,0.3238783360807504,0.13671507519663373,2.0388437208692785,1.5621483583522933,1.8398436868512242,2.003475692571217,1.8337740522053876
184.08703490508597,0.35474826426706757,0.5906795519368071,0.20157599754791403,0.3139015059788536,0.12764394746312505,2.0083810262317154,1.5420689380772727,1.8135037629164035,1.9979595780662323,1.789072529121682
184.71531435731765,0.3611450671731004,0.5946095621809884,0.21448457823840908,0.30650090155960297,0.12521121670257937,1.9974996041310518,1.4903708049169002,1.8212165183372437,1.9854369243755303,1.7733284431686276
185.34360641040138,0.36250988776509435,0.6079264870595074,0.22641280363716768,0.30757490559518474,0.13084633748853502,1.9568082186432239,1.4906488257000623,1.8191343988298436,2.023745981860264,1.6993068318277076
185.9718858626331,0.3563728564884912,0.6260371441239143,0.23515779955742036,0.31564285452543955,0.138838124286928,1.932930504989312,1.4379689778303946,1.8599994547319532,1.9974442317283367,1.705090162952596
186.60016531486474,0.34318539169181006,0.6420746621880314,0.23823944720527115,0.32328905477247416,0.1398405630380689,1.8907325360038192,1.4191230203304372,1.8790897416956356,1.947744055017826,1.8325185644629003
187.22845639865218,0.3336435355566913,0.6548214708571436,0.23476269740151295,0.3326614670368748,0.1350166416379598,1.8826937804989567,1.4468825607850726,1.8514294360023977,1.9649010648377416,1.89861225626825
187.85673585088387,0.33650381207093594,0.6643041446101046,0.22486628227661057,0.343114080103641,0.12560638393621087,1.9083818055748105,1.4799387907952697,1.8261746480636054,1.9508119219314264,1.9214563128642461
188.48501627241185,0.34951766775357235,0.6704752556071205,0.21457150289398624,0.35116089444749476,0.11525768206241599,1.9303943828438097,1.4557882791271468,1.8441231856749793,1.8944925859689732,1.952267566904853
189.11330735619927,0.36310238319733573,0.6729785722216748,0.20745961388944464,0.35672834109967433,0.10719646475615426,1.9497460651246257,1.4116481407968626,1.8417714638929792,1.8691802543062876,1.928273301047135
189.74158680843095,0.37191469095981416,0.6697031826392883,0.20693601714273283,0.35409889679076384,0.09988518101645003,1.9838352710285452,1.3997570012233906,1.7792809487023957,1.9669051894850003,1.9252766575270193
190.36986626066263,0.37821849487247494,0.663862524977345,0.2140635737482944,0.3439440057550514,0.09387741993809982,1.9908002361022799,1.3618231021427478,1.7350599733747667,2.001316907851162,1.8864924119508097
190.99815831374633,0.384745717232549,0.6610347163924724,0.22691506769119954,0.33346178590775105,0.09035109949992456,1.9203331500638157,1.3403967378628927,1.7446763964603813,1.974788079763945,1.796993593203449
191.62643776597804,0.38868051136492193,0.668313722339422,0.2408459308972863,0.33159513452243927,0.0952592544020267,1.8830755185270773,1.302910063509216,1.7381486761809795,1.960396556106899,1.6963865359133028
192.25471721820972,0.38408606653991806,0.6825331210667481,0.24913079106881533,0.33624989532889293,0.10624212911797581,1.8897972951495299,1.292273822015434,1.7763659401110816,1.9540235293249006,1.6257921625746719
192.88300830199714,0.37165020527520726,0.6984374547380034,0.2525931078199045,0.34624229487169905,0.11276759360774144,1.929437602032693,1.2620068338045902,1.8208903937590228,1.9304301209055907,1.6287807311469695
193.51128775422882,0.3578570991122354,0.7095469630350826,0.24916617061719948,0.35666858057378137,0.10919835584194497,1.8795415420505317,1.282504187289866,1.8324160551929498,1.9410012697464538,1.6178605275438296
194.1395681757568,0.35648621450165513,0.7173609867807141,0.24144149402088935,0.36643050611347,0.10120238698116144,1.853590113505966,1.2971027186711885,1.839542414143958,1.957420934877225,1.6991226801680905
194.76785925954425,0.36536905550482407,0.7223308314394137,0.23103730559522906,0.37776558901901686,0.0941021384070101,1.856697420789375,1.289110233795521,1.8161186684085693,1.9047391516184324,1.7385685880118502
195.3961387117759,0.38103934217633356,0.7246203843536732,0.22261090860703314,0.3862075507074814,0.08575366683804861,1.87673866726146,1.2922404856254348,1.820298699815533,1.9261164811887608,1.8014026674275458
196.02441816400759,0.3959756566885894,0.7217694705900931,0.21772218048067363,0.3886432631375462,0.07888057502638442,1.9013608099404582,1.2922145688068587,1.822304449897327,1.844616590141239,1.8016528367716937
196.6527102170913,0.4048355494578004,0.7145176398937813,0.21994816633063521,0.384443686151712,0.07593250806866615,1.9515020600533872,1.2832887288677368,1.7759598278584012,1.8462568857224075,1.772123360676612
197.28098966932302,0.40812962562320854,0.7112963510476639,0.23073717541511077,0.37673728811603946,0.07611289240449609,1.900444598802931,1.231601399870975,1.7214476374541021,1.8127593737616936,1.7601749603989114
197.9092691215547,0.41224883041566646,0.7149950405255678,0.24489348532773775,0.37094284917486425,0.08067229494866368,1.8820290700948374,1.204914691608198,1.6862583467851153,1.8416419344290753,1.7485950127039138
198.5375602053421,0.41254297933360123,0.7252613728502506,0.25551033053647637,0.37119611625017834,0.09221225318479132,1.8500130814305735,1.1622420302647831,1.7146271833393587,1.8041082337061882,1.7682623692461459
199.16582802601806,0.40572855423323595,0.737173110221397,0.2577973451073435,0.38108298928702306,0.09973792024040773,1.8719866578143478,1.1648502301859442,1.7645104715751756,1.794457219259198,1.7200388832359885
199.7941200791018,0.3929155392823999,0.7479204191385789,0.25379665534382395,0.3924754170842857,0.0964903592470186,1.847692370159676,1.1468152393555484,1.8111225441032803,1.8667789182059595,1.645203181937738
200.4224111628892,0.38509652783158144,0.7545161329786998,0.24690736079543502,0.4039241492258055,0.08749461690002786,1.808517389558366,1.153690940127426,1.8638895156491695,1.886183429221797,1.6477263553668735
201.05067898356512,0.3894966095779586,0.7582340669030971,0.23774868056986964,0.4150333250561502,0.08012558874838357,1.782015558332641,1.1446393728781625,1.8920304212708716,1.8574455962111536,1.6899038774617783
201.67897006735257,0.4048570871820526,0.760784517129069,0.2292598215013056,0.42213115257157613,0.0738050438126894,1.7380183837576848,1.1637432121070916,1.9031549426888619,1.8825796756376554,1.6920771334863927
202.30726212043632,0.42051504781559595,0.7594621742064509,0.22338333736865812,0.4250709817885094,0.06987917619549736,1.7354704655494662,1.1851276487353375,1.8622861862484112,1.8427599246175457,1.6986129765863989
202.93552994111226,0.43147975053334225,0.7537911951457247,0.22127604148147356,0.4184305248892342,0.06854704813351946,1.7533857362633944,1.1975663706102635,1.8628852624044938,1.8061409550631078,1.682097479310967
203.56382102489968,0.43470447928501166,0.7491490490244306,0.2269618544595094,0.4068158758622952,0.07012458618474735,1.8240632236785839,1.1684021251957546,1.8224026939984177,1.7870162339209366,1.679711660805141
204.19211210868707,0.43436317476650194,0.750284988144891,0.2377557183180146,0.39854429409261366,0.0746463251794612,1.810368853271023,1.1077479178934055,1.8630115019296165,1.6996246010893148,1.7203533597707592
204.82037992936304,0.43055297674180804,0.7562809229789403,0.2487109520738407,0.3993613393698921,0.08231282902572103,1.800755770397522,1.1141373502646197,1.9034603269866996,1.6924779503770855,1.7191036438247693
205.44867198244674,0.4259122502423934,0.7657670660917107,0.25207606467003085,0.4124299193240875,0.08764221004016383,1.785107579116254,1.0510007681636273,1.9473814106049558,1.6816775752539261,1.7008786425884146
206.07696306623416,0.4178677478706478,0.7743300632291836,0.24863170763776737,0.43474251688224297,0.08645231492034533,1.8165340365620073,1.101601821857048,1.9316301828314806,1.7216703803497717,1.74287632040048
206.70523088691013,0.40990984497797106,0.7792273063241576,0.24165308959384507,0.45436538967894724,0.07894445653541173,1.836774864677389,1.1015419473900077,1.9086929777154913,1.744625010710409,1.73200880245183
207.33352197069752,0.4108369879634521,0.7810216561709934,0.23520529772272203,0.46539176034786117,0.0706381167314569,1.8173037820239644,1.1064263967499266,1.8580725857544609,1.7298684403152393,1.7232835913979987
207.9618140237813,0.42437922192600885,0.7824674353869817,0.23055755953936377,0.4686388702264103,0.06817055498564993,1.7357567743709736,1.0849959102063131,1.8981129634537557,1.7047018108585215,1.6772352512430837
208.59008184445722,0.44371449747587516,0.7810940973788224,0.22445180366771655,0.46784739805421355,0.06751941737069583,1.7516106872952404,1.1119250295271002,1.9272451024162867,1.7300428880030323,1.7035125862187572
209.2183729282446,0.4609085972199702,0.776744508052994,0.22307078423757695,0.4612281446074653,0.06627423504986502,1.748919484020564,1.1120395488152273,1.8982144628377393,1.711605282590188,1.7015848448659574
209.84666401203208,0.46862675453600194,0.7704752643442841,0.22714036816894229,0.45274125516255753,0.06782635385567734,1.7522099879837543,1.1117562413954858,1.9366310435818388,1.6691040807105246,1.7043773275274732
210.47493183270797,0.46806043579567114,0.7678664861976815,0.23626117472639513,0.44522315147437286,0.07242753182377312,1.7373503556066197,1.0665737459121836,1.9440000924937875,1.6550111143643635,1.6794800312101061
211.10322388579172,0.46176318984981324,0.7717989879649668,0.24813005756484535,0.44313114451536817,0.07702861943103141,1.7663073292908085,1.058272742969094,1.969254594666,1.6729931958929187,1.7151362939788353
211.73151496957914,0.4501579349405126,0.7781730684552511,0.25688532732402225,0.44842626922229656,0.08120667173404587,1.7820624544455024,1.0437865271556135,2.0049443284072686,1.6292498927484713,1.764483092801469
212.35978279025508,0.43732318562338746,0.7839573198252798,0.2571134012100849,0.46477027033789753,0.08049051479817639,1.7715943030994756,1.0459046598351762,2.017180916809709,1.6343238495512036,1.7686358881522994
212.98807387404253,0.42710456344596726,0.7876308379429876,0.2503596565613518,0.4825735094876564,0.0762140843324033,1.7896855896092134,1.0617830297435957,2.0353863435529624,1.6510792915327308,1.8029125469993532
213.61636592712622,0.4260215413339888,0.7888890006026869,0.24000694747304474,0.4939933355625486,0.07207676401213899,1.770934584914075,1.083621627862827,1.9802263334787618,1.6292498927483627,1.8063987042786833
214.2446337478022,0.4352938614311234,0.7896729193988548,0.23057556129623688,0.49688533064469353,0.07133739010759704,1.7470871754082133,1.0726258270999383,1.9234850524512408,1.630258414817545,1.8017319624645023
214.8729248315896,0.44986018556751955,0.7887471344108007,0.22590553538813063,0.494441472203339,0.07272355494615391,1.7380019785382712,1.0735610679541188,1.9132928357944852,1.6446305854962788,1.7688458401808353
215.501215915377,0.46580986789042267,0.7858219051251354,0.22450356700998464,0.4895160396748433,0.07646648249142782,1.742303702757397,1.114848376668325,1.9283853495204817,1.6081393889715927,1.7893919602776385
216.12948373605295,0.478415290686951,0.7808206949205171,0.23073484543165615,0.4835413597707521,0.08098939212373558,1.699253664480273,1.1061973585267262,1.9476837905837059,1.6493424183399101,1.8193078664770708
216.7577757891367,0.48155084311670415,0.7776175474191198,0.24452552384766252,0.47701488239363427,0.08812983671489076,1.7069099917709731,1.0537874041783881,1.9354141449800462,1.5904438755932435,1.8502690541460245
217.38606687292412,0.4752741395780254,0.7789978525977975,0.26052794659913114,0.4732930856942712,0.09468727315068806,1.7483161880102918,1.0483102065363266,1.9862579059863792,1.6040165419410366,1.8224892600506437
218.01433469360006,0.46072512732581766,0.7828028564201559,0.2712533803211052,0.4769853801537786,0.09708369635074025,1.771613389647598,1.0563259150684152,2.058579639522109,1.574468434878446,1.8648320903051723
218.64262577738748,0.4424888382365603,0.7886955885630963,0.2706509344953586,0.4891749799770896,0.09498450974888799,1.7800850707531024,1.0379439680115223,2.030328416123666,1.555703958086177,1.9193021374248753
219.2709178304712,0.42901030454827976,0.7917760445317662,0.26214152301491567,0.5045024913423826,0.09028603712314505,1.7603029840065272,1.0705086838351212,2.0608699848865504,1.516902311165919,1.9635249855540422
219.89918565114718,0.42605362077530534,0.794225814492469,0.2509726181733488,0.5140950986135878,0.08535808799791815,1.7496256862984716,1.068178661405195,2.0177153401553465,1.6040716708982148,1.9535654521720693
220.52747673493454,0.43403707344710474,0.7955686510724135,0.2357606644932711,0.5168102934761091,0.08096289050532597,1.7399869795350407,1.0783899646097979,2.059591226568354,1.5892414230661114,1.9215000514542147
221.15576781872198,0.45108404476228686,0.7953508609468481,0.22424308318513353,0.5126476178641289,0.07984637547502572,1.6785713590768219,1.0535019398340764,2.0565753525630543,1.6066124085899656,1.9807226021028583
221.78403563939796,0.47016800401540776,0.7926965217549338,0.2213917051836211,0.5069221010032099,0.0823856397050577,1.6893477613264745,1.077319455884343,2.048403349238341,1.6027713129548737,1.9937777330037418
222.41232769248168,0.48506855375722446,0.7877051377460972,0.22582897485170744,0.5011197322739969,0.08889480853667696,1.6545746770284093,1.0613265906564775,2.0584651202337954,1.5791637256977806,2.0266478446408374
223.0406187762691,0.4916827229179625,0.7847517360090016,0.23539952993606184,0.4939826524537042,0.0951419520737239,1.67641449928783,1.0597816466538166,2.0741738014620643,1.5662619520040424,1.9586577355875865
223.66888659694501,0.48677060394076804,0.786117533673414,0.24414464341576972,0.48906661288499775,0.1027122741710057,1.7085705214509108,1.0435379278774568,2.082208786003163,1.5928296940988496,2.0792312845079888
224.29717768073246,0.4708156859715655,0.7889368750369363,0.2479916661842555,0.4888509208496269,0.10896791669036689,1.7692821012253015,1.0299658032366747,2.1091557379437726,1.5582997246159043,2.1001850742015304
224.92546973381616,0.45153208017443547,0.793531785083757,0.24687875653764357,0.49738855743548405,0.10997753768337445,1.7911670749714228,1.0621293789905144,2.0684857995400723,1.4923179270207978,2.0987009238427627
225.5537375544921,0.4357032973133554,0.79639746360113,0.24085596867756268,0.5102182634310893,0.10570042083439204,1.778045556339075,1.0840777559276324,2.029510826847556,1.4919191145785577,2.0667295955376166
226.18202863827958,0.43105734041135507,0.7974427732755633,0.2291320998381188,0.5195426380218053,0.09941968943985476,1.725175818251294,1.072072317206661,2.030751452470966,1.545170583627734,2.093488935898702
226.81031972206694,0.4377461779332578,0.7990179641328252,0.21597823505750066,0.5205901750222988,0.09249127649571044,1.7093591010223805,1.0763684710497234,1.993301102996773,1.5748321293959828,2.094883472888385
227.43858754274294,0.4533677122215128,0.7992839238803182,0.20601488066411086,0.516255200657441,0.08865294338505368,1.6928596807492158,1.0486515049464342,2.0331913939139183,1.602103284803921,2.053537622742065
228.06687959582663,0.4701823035527712,0.7975668808081455,0.2074128985124441,0.5113267527471247,0.092499119344508,1.6868578301444677,1.063085381865296,2.031039739182717,1.5855043509412625,2.064308875576536
228.69514644720624,0.4839513166298467,0.7931701129481714,0.2146571134524416,0.5067588680234831,0.1034980385083411,1.6477582372961659,1.0796861841906833,1.9750920312939837,1.563414911600714,2.040234319277356
229.32343850029,0.4913058153771631,0.7904358336406108,0.22926406900168617,0.5007029635669786,0.1165942251544765,1.6616748729015682,1.0548371643208823,1.9616390619955932,1.5584929941637573,2.047471268559279
229.95172958407738,0.48933586727065814,0.7910959756859286,0.24155891529221737,0.49088492714870474,0.1268681236100574,1.7065532745709577,1.0916191876118146,1.9874413157819872,1.5623681520305919,2.030311289997838
230.57999740475339,0.4768740385636272,0.7939849017454198,0.2449384984669729,0.48720287407238516,0.1308071722660274,1.7204232677878561,1.0509625950675965,1.9599403592194602,1.5451324105315212,2.043730305142266
231.20828848854077,0.4597918730471234,0.7971097881366476,0.24230318029238773,0.49210954831501796,0.1287729095538033,1.7306128145407436,1.0832362766503019,1.9868302402333566,1.4963830582758935,2.019639965707489
231.8365805416245,0.445175640458224,0.800096832986056,0.23755253336978105,0.5006767216589467,0.12135495709908066,1.7791230172109103,1.0863129307855874,1.979119272702014,1.4820680712087926,2.015595016569539
232.46484836230044,0.4405897085980668,0.8011992564153354,0.2300473424628967,0.5063786475394171,0.10724527317389144,1.72943211846536,1.0549898567053002,1.9705333933850129,1.5524425584330923,1.9943343187986293
233.09313944608786,0.4453596671552192,0.8025330015730132,0.2204287697487937,0.5082556797846445,0.08803171950711791,1.7037389963513396,1.0602942812926468,1.9814287554693941,1.532666530135435,1.9958009039754903
233.72143149917162,0.4585700851694222,0.8023776969391557,0.2129460996450078,0.5040408487538707,0.07454002509731313,1.687373186818492,1.038691832633286,1.9791223261068607,1.571494284324467,1.9907846567646708
234.34969835055122,0.4728428502637044,0.8009781593000439,0.2151432548396954,0.498847011603059,0.07650729465591388,1.682686566334916,1.0510373197713614,1.9691752105278082,1.6601453878677266,2.0086079579563942
234.97799040363498,0.4862477935872952,0.7960393292110146,0.2266780570178591,0.49416231069679095,0.09040568048540747,1.6642706434358068,1.0635978898740988,1.9311387582176438,1.6419966418660445,2.016531974176399
235.6062814874224,0.4940489708364485,0.7937642942851395,0.24416909062329895,0.4888777335088664,0.1025445577228904,1.653414357288604,1.0635036613341418,1.907122147705603,1.5858454753989666,2.040293924243214
236.23454930809834,0.49524897740776863,0.7940485051489631,0.25985172317533317,0.48177411397005965,0.11036309535540997,1.663793479734663,1.0910252594164493,1.856434009164786,1.5769687726724773,2.0379852541801853
236.86284039188575,0.48687047403042627,0.7973123828373652,0.2674691081883332,0.47661770552484245,0.11389685511400878,1.7071363966622144,1.0998415478327634,1.8021490862552916,1.5915293534992705,2.0649322743464853
237.49113244496948,0.47238503009662863,0.8008183994604042,0.2654552304622898,0.47757499073844967,0.11556621216174072,1.7312140077354286,1.075013275961187,1.8163813385241536,1.5543515050269148,2.0373163124991027
238.1194002656454,0.4583503651399132,0.804034731764224,0.25603786530566464,0.4830613133935271,0.11333328901893679,1.7561532857301425,1.090929826676166,1.841296090749943,1.5005462342953537,2.0020452842091028
238.74769134943284,0.4519298448811498,0.8047527971430405,0.24167127828695914,0.48462129344821964,0.10738808753513153,1.7666290751396854,1.0915007392043736,1.8232587758273722,1.5336017695467745,1.987860912237675
239.3759834025166,0.45553638964399673,0.8058138111349411,0.23158151456468248,0.48044234097066824,0.09781948225947854,1.7169966519264512,1.0663493074667623,1.8257941719750697,1.609268019794006,1.9496324719884233
240.0042502538962,0.46773353377265203,0.8060032409638874,0.22475622179104235,0.47640320023451704,0.09178596372954032,1.7055713021369143,1.0741129207593163,1.8190215686980271,1.6184031716886744,1.9490771064416017
240.63254230697996,0.4831604166982358,0.8050975785111913,0.22701989680614681,0.46999010277500164,0.09574116402455259,1.6732222344694372,1.0705835664590526,1.8013120584074613,1.6585637655699739,1.9469805930960213
241.26083339076737,0.49676370890076876,0.8016215052896668,0.23657107922047094,0.46477961865351103,0.10729106405044035,1.6260623212017227,1.0823427817931395,1.788590295577325,1.641599346585309,1.946060147438563
241.88910121144332,0.5050022866111495,0.7993989070225902,0.2513819182423558,0.4616407671067824,0.1204412062307239,1.6468255385215824,1.1029161788492585,1.7766522383317649,1.6386183228617184,1.9043985044048488
242.51739229523074,0.5075276216030653,0.7994679166696523,0.2634521377502693,0.4567680597083576,0.1283853422834292,1.6697077336868333,1.1023609682880329,1.769682918115984,1.6215715337764935,1.9891015359468582
243.14568434831443,0.5008841872194943,0.8008679591183749,0.26948491755271486,0.45254826823762506,0.13247411436456216,1.6714899875566167,1.1059728031996525,1.7466937713547108,1.6614500915471064,2.0865614298082726
243.77395216899043,0.48790332369592193,0.8028275977567658,0.2675391718968305,0.4525895677786271,0.13580208193113638,1.7006496040120156,1.1117150774986577,1.7211294700655184,1.6265174514005027,2.056766417457886
244.4022432527778,0.4747120775880679,0.8056540158613723,0.26015741453884156,0.45932200051254884,0.13560286822753342,1.7054567830252751,1.0940583326968876,1.761914705045449,1.6761208039363358,2.0768422619530456
245.03053530586152,0.4688869272002656,0.8067991455039092,0.2482819679804742,0.46388824511143023,0.12705635776493943,1.7214417032470493,1.0778398525665247,1.7803855228177412,1.6908470725461533,1.208413678006844
245.6588021572412,0.47208808055313184,0.8076131490257481,0.2374980277137721,0.4622346210949121,0.12107407281541833,1.6801289728426285,1.0792090212257588,1.8134292187483436,1.7695302259671317,1.423205345961936
246.28709421032488,0.48364606943155913,0.808085107782225,0.2320699789379023,0.4578587143785832,0.11949397583595436,1.642015728413819,1.0888112198430713,1.815245238481029,1.7740373812494041,1.5526906835576082
246.91538529411235,0.4997878872211305,0.8068156226229027,0.2337260155286506,0.4498955679136374,0.11986324628814748,1.6408931181589417,1.1324659128219918,1.79817209747242,1.5947760247333147,1.5970878684592773
247.54365311478827,0.514177089608023,0.8025151722382794,0.2428072601940662,0.4421993802721483,0.12281322217232597,1.6053504696172236,1.1310688372173778,1.7756215647372688,1.7190299497803008,1.6418248629335201
248.17194419857566,0.5230431475987413,0.7994786667604549,0.25645999780171047,0.4346045684802832,0.1291412461015806,1.613001686924712,1.1021701031021074,1.7356707419698973,1.7108964408264506,1.636936181249689
248.8002362516594,0.525675867383244,0.7991370960046391,0.2680651028760453,0.42804195951823293,0.1364292670989809,1.623180145731191,1.1220251844621358,1.7789130574083076,1.7439070321582415,1.6043028507626391
249.42850407233536,0.519970035552792,0.8007889970157156,0.2755831848256438,0.42492785728779403,0.14094574983321417,1.660300641442124,1.0547989912247038,1.7572030458726364,1.721587547218422,1.5574050609250492
250.0567951561228,0.5080708853025103,0.8018148473867392,0.27530687978185153,0.42412311787911816,0.14001671759975354,1.6518262141097606,1.0814819853934377,1.7528703994663781,1.68421608614418,1.5449797181472116
250.6850862399102,0.49632029499696567,0.8044224557976206,0.26981162918539503,0.42831075498297166,0.13361654365393194,1.6987847618794472,1.032086039980981,1.764769401622963,1.6920087864356843,1.4981395397260298
251.31335406058614,0.48961857393379304,0.8055310454418426,0.2613737112773987,0.43280328244428223,0.12052152543284786,1.6985665498105469,1.0633290377501607,1.778710841413867,1.6630083656578358,1.5544442478584721
251.9416461136699,0.4923985177870131,0.8060550500940419,0.25557162969448227,0.43579349665317113,0.10731902832950127,1.65514727346976,1.079592417136677,1.7580428539867332,1.709696627785734,1.656120687420045
252.56993719745728,0.5028659937343994,0.8057458585663188,0.25448193964361693,0.4357180870381768,0.09743575226688947,1.618522855567092,1.0788307269153425,1.7613146085094433,1.6914361687925878,1.7348978479062611
253.19820501813325,0.5186722343068167,0.804271009344923,0.2573230634604679,0.43371604034819056,0.10250571363653155,1.6064193163077156,1.0986980517309588,1.7643986744861258,1.7635588663721522,1.7247368276461337
253.82649610192064,0.5345699037907939,0.8001002806891954,0.2642060727869331,0.42758799860525987,0.11391170651865563,1.6110548620274983,1.1087358655006876,1.7909834728740055,1.7864217949284042,1.756188749465447
254.4547881550044,0.5447694463253853,0.7961354836730621,0.27416425600895455,0.42048363769762087,0.12753387740004882,1.5826960783617723,1.1011246404878599,1.7926940553530497,1.8026385150888382,1.7721943437288223
255.08305597568034,0.547891918022922,0.794410319293552,0.2867619046092008,0.4148122727167179,0.1434476722399336,1.6032127762360222,1.0943081456803516,1.734929044302781,1.8247312528601414,1.824330435351207
255.71134705946776,0.5428994301570491,0.7951545340351616,0.2959037640443579,0.41190564514148204,0.1575235932364879,1.6031746031400265,1.0648957751412178,1.7279815408139314,1.826754426953029,1.7779501235989925
256.3396381432552,0.5308809005707408,0.7978045019425994,0.2969814072690745,0.4135469387207031,0.16143368164120966,1.6227220516166483,1.0576247868646327,1.7114014372831643,1.7867960936287093,1.715600633332721
256.9679059639311,0.5181348254720651,0.8016709904059101,0.29314946615434667,0.41733112043534204,0.1548805453203588,1.6145286084129122,1.0168533649580656,1.695913523725174,1.785715593740468,1.601950592655069
257.59619801701484,0.513286032293984,0.8023086676424187,0.2847538591907157,0.42158064759563235,0.14190937705634235,1.6143020606507408,1.075889626815767,1.6691758862835449,1.7982391241718452,1.6476271735394443
258.22448910080226,0.516236824963152,0.8020063876752792,0.27817411297116745,0.42424659781702334,0.13152543624679977,1.6039783674314823,1.0776473171194862,1.670039356194215,1.759024137936948,1.7657810261258795
258.8527569214782,0.5276173374288196,0.8023256072473749,0.27596245793768287,0.4263916721473669,0.1331756997914741,1.59155089537984,1.050981681615521,1.7171976411679357,1.7252903375393778,1.858399923613571
259.4810480052656,0.5415742229523239,0.8009843399991179,0.28147510326859926,0.425834785956719,0.13890098587016483,1.5889335869695433,1.063042739971117,1.7461683272001178,1.7391063153179853,1.8885537559595964
260.10934005834935,0.5567334012843643,0.7969958522281203,0.29211733386501093,0.4205822989864107,0.14859864044844096,1.5572336804973383,1.0961810415022357,1.7565809693262506,1.7712590682452476,1.9142989554995484
260.7376078790253,0.5670207328865934,0.7921202222950668,0.30383358219461376,0.4072091095794983,0.16105551497780762,1.5839735358053182,1.0598569264569766,1.7679487724226353,1.8033924921444335,1.8880222461812013
261.36589896281276,0.5700038963434201,0.7897753372367744,0.3172008162661072,0.394154039338304,0.17074066413076752,1.5784956965162236,1.0505999506545844,1.7754306992568547,1.8475587643233642,1.898729799635229
261.9941900466001,0.5646783245015726,0.7906713609090966,0.3286800822622026,0.3881949088764624,0.1815487829366272,1.5912853430088763,1.0253291517921217,1.7751337809637557,1.8582396882369854,1.8588695676444678
262.62245786727607,0.552062252484378,0.7934890604380144,0.33125284735848226,0.3905451499453225,0.18888127121182988,1.610138709134598,1.0197926888223499,1.7177103279666324,1.8675585854989152,1.8458190408129842
263.25074992035985,0.5391533701450372,0.7964700039015173,0.3259555887555107,0.39742256932942566,0.18549944696336368,1.5774852578094103,1.039243760520142,1.7032511794960026,1.8572471509889004,1.8279100404057385
263.87901774103574,0.5322635332525163,0.7986591798902654,0.3160517939011918,0.4033781548370667,0.17594019040396766,1.5830573814991353,1.0633688512975055,1.6504710691983075,1.8988443189234092,1.7981627779797447
264.5073088248232,0.5341733962450326,0.7981238709840732,0.30726134397388605,0.40791739759014023,0.16598023270880125,1.5708992503938144,1.0476987953515102,1.6406987565987086,1.8820672431908758,1.8098819184801556
265.13559990861063,0.5443015261085582,0.7983283377325461,0.3036161876114823,0.414718278382015,0.1661725617258325,1.5704993225631534,1.0579301829410324,1.7013424540189412,1.8681077989536659,1.9023694212678064
265.7638677292865,0.5585843218294846,0.7958906569605815,0.31227491685140224,0.4209500464059788,0.17427566205225864,1.5595021752876257,1.0748954680220209,1.777737428965206,1.861699024288636,1.9137861335492738
266.39215978237024,0.5734279432244922,0.7923316914136846,0.3275943993749109,0.4200425370656287,0.18521453771688418,1.5698113171552157,1.0612884175605901,1.7865199836716867,1.9031578787819405,1.919629569745771
267.02045086615766,0.5834992357253614,0.7878902498268269,0.34569604963569134,0.41109934372079066,0.19670456693809016,1.5538170618932636,1.0580256192147894,1.7827305083625389,1.8922722634936677,1.9134972907992092
267.64871868683366,0.5870940915017543,0.7852382217645556,0.35968089329024017,0.39675327240105934,0.20989953600129094,1.5568324644836995,1.0633879378455782,1.7498547248749756,1.8952942209869086,1.8956950384958433
268.277009770621,0.5826256746673459,0.7861203268033017,0.3681611553393337,0.389142198843087,0.22258639078000403,1.5755921104678743,1.0607141847018817,1.7628499444568968,1.859332295982296,1.8831140981584207
268.9053018237048,0.5706567306662809,0.7894695440915669,0.36990308442325837,0.39204939249617393,0.22952150478274277,1.5720263029447787,1.0289939047079553,1.7703619672708695,1.8375681913197959,1.9404484945358251
269.53356964438075,0.5561597107289227,0.7935191332272958,0.365245997053241,0.3997652781000719,0.23025447402655835,1.5521562602124712,1.013381181964521,1.7570121803922374,1.8161804793354452,1.860862088311606
270.16186072816816,0.5481344322592391,0.7950936527080666,0.35737856614004687,0.40837626202233457,0.2224461836328015,1.5306838936604699,1.0193934445990815,1.708074271201781,1.784496809578799,1.9117277388546348
270.7901518119556,0.5486801285419364,0.7944926917821572,0.34752352129086783,0.41109118330816374,0.2163088174991454,1.4886913486143383,1.051402341809244,1.645645844596757,1.8168394326383515,1.901262360490817
271.4184196326315,0.5566122037730328,0.7935194059399914,0.3412579133029106,0.4129265195650198,0.21634097991049894,1.5105643415960328,1.081862047311175,1.6291488816607254,1.7943045271105629,1.9675910294840642
272.04671168571525,0.5686439778342504,0.7913125112789714,0.3482331532694968,0.41753707298683035,0.22455920101277546,1.4697787188451037,1.0866926130099446,1.705497587215649,1.8073815806861244,1.9252219283232905
272.67500276950267,0.5815443090096656,0.7874521639061332,0.36367875626456814,0.4186628052405654,0.2330799971003159,1.5075686435828901,1.0805104053351868,1.7446323478394465,1.8150070561803986,1.9088018261254474
273.3032705901786,0.5891207509284976,0.7831612946669811,0.3801674397763755,0.4122690032393672,0.23938608968939223,1.5289470177883118,1.067548805319667,1.7636542991123592,1.806293647447526,1.8702908430464886
273.93156167396603,0.5903664978909766,0.7816756768523648,0.3962127825619198,0.39517042497499405,0.24285321647749777,1.5457026223395087,1.0890004052677338,1.742580061703178,1.8058136978265493,1.8640084930393195
274.55985372704976,0.5856834709468828,0.782291426866052,0.4060917569550131,0.37978974897711,0.24410949947603833,1.5635324745717276,1.0637899701557105,1.7595204065610597,1.7348405861421055,1.9262094024767844
275.1881215477257,0.5763420713755002,0.7854428164679369,0.4078547914871806,0.37676749418413,0.2443283983511969,1.569601365126585,1.0497219694444329,1.7272944250842548,1.7001151806664225,1.8458982346431771
275.8164126315131,0.5631635705311079,0.7903917437199272,0.404045941019549,0.3827958381240105,0.24248962046475236,1.5234310054030014,1.001871993492757,1.7419910670798353,1.6878807033689003,1.86735151464731
276.44470371530053,0.553759487114612,0.7932084576779469,0.3934470297275402,0.39403904007966584,0.23585382809199948,1.473860551657229,1.0353308732920792,1.6957498883710342,1.6961316334663596,1.8355258550593696
277.0729715359765,0.550632039130128,0.793426365248118,0.37962894203398595,0.407558867469858,0.22496487869767973,1.44591830309622,1.0493767926531177,1.6654705265572545,1.7320633899542832,1.905044508030285
277.70126358906026,0.5538174442476587,0.7935297401108128,0.3692563197822348,0.41730970468754375,0.22160719855715125,1.4310330263114026,1.0825317455358558,1.6155617728218685,1.769227571141772,1.9111360558651775
278.3295546728476,0.5634600956675054,0.7902554770635833,0.3738114963325586,0.42415872621700373,0.2290543125888936,1.4373275460253234,1.071673006376146,1.5928123233905007,1.7709536721687977,1.898418359529948
278.9578224935236,0.5722764603499336,0.7868229700330539,0.39280579023436407,0.42699056448771044,0.24076003224475184,1.4630029942886702,1.0874560749318176,1.6699202616574285,1.7390899117768697,1.9080058619856937
279.586113577311,0.5767168915597942,0.7815900601092607,0.40974450416945124,0.4226366994742066,0.25248460481468593,1.5397858015735495,1.0676425909538978,1.6949782843138341,1.7520088018919904,1.903918403433039
280.2144056303947,0.5750331400222986,0.7799714376007453,0.421819351159003,0.4100819299902794,0.25992709777614814,1.518448378802271,1.0712721740258055,1.7242853342534237,1.7301451214681007,1.8504711755449863
280.8426734510707,0.5680724578055999,0.7819280193907195,0.42988242580000674,0.3947347190923328,0.2644353735271924,1.5658031420655465,1.073465635213987,1.7796869994712756,1.6896175792412857,1.8291402454588748
281.47096453485807,0.5589343276335029,0.7853010398011476,0.4330535016828038,0.3851988373199696,0.2677068398097205,1.5537213571523216,1.0376020114351787,1.7409222203893433,1.551201932810184,1.8376337593394487
282.0992556186455,0.5466931351846639,0.7905948811528791,0.43056885403390216,0.3885429322523251,0.2665611403010709,1.5561457069750952,1.0244320508178328,1.7233500587696158,1.5220367826992849,1.8238826296487574
282.7275234393215,0.5350495597174859,0.7932539456027096,0.4226018686307644,0.40499859191245813,0.261492293741943,1.5275704296691754,1.0486324184277735,1.664210816329892,1.5625369317451407,1.8792395348826776
283.35581549240516,0.528672138394642,0.7932777217699639,0.411499395678734,0.424330859221514,0.25125823131331576,1.5133914811305575,1.0693047677398564,1.703245374546015,1.5978112831389133,1.8760358940081858
283.98410657619263,0.5282426908241133,0.7931205975321585,0.40080116189721904,0.44080230275747473,0.2443435608254348,1.4245390853288746,1.0796323916156234,1.6558384386444926,1.652631779843021,1.925598610324025
284.6123743968685,0.5332224503663506,0.7902197720697365,0.3991575951957169,0.44991119936965346,0.24333177655273627,1.4491652469551823,1.075889626815951,1.6528759742522474,1.6785282948263354,1.9353759718839416
285.24066548065593,0.5385814809850302,0.7872452438695099,0.4127357639422323,0.45268235518611677,0.2503416599153374,1.5158131342112515,1.0813276247901926,1.6665966311548848,1.6955699663903545,1.8684365653546209
285.86895753373966,0.5398778749188883,0.7821941334085767,0.43120476449277095,0.4473458851551189,0.2616854787867297,1.542040225699414,1.0977271091387257,1.5918197861424155,1.7130811157029002,1.8352586334925782
286.49722535441566,0.5359276181908629,0.7796300102134687,0.4406603552956061,0.4364416584065372,0.2675233030031659,1.5629210733104688,1.1028589192050475,1.6051977772328054,1.7274280309206873,1.7890394080137157
287.1255164382031,0.5282009508539559,0.781456060685717,0.4438886328300156,0.42224267962582424,0.27234839981158643,1.5760526183662946,1.0596256020664256,1.5721017029207265,1.6907818586719747,1.761592951923367
287.75380752199044,0.5187455626766451,0.7843389349317811,0.44292860033542586,0.4117326332532627,0.272935720596316,1.601248889999276,1.053101107483811,1.6086547448505206,1.6107543428752447,1.7836657838463463
288.38207534266644,0.5079027413380927,0.7893033389426567,0.44011315251106725,0.4109497724855962,0.27174966991241983,1.6097760652812414,1.0481934285000212,1.6199491796950969,1.5359875843718838,1.8318477091974834
289.01036739575017,0.4959979310372447,0.7935943186451225,0.4345625392049479,0.4249363593392112,0.2658145620289953,1.5840689685457447,1.0715569804093377,1.6180239375200123,1.564371650962006,1.840687607026724
289.6386584795376,0.48861808394093914,0.7941248192304549,0.42709804159796627,0.4450974274965639,0.2569625151374306,1.5770462509495886,1.0654696485754802,1.6534334445432184,1.6171867477331274,1.836804701129145
290.2669263002135,0.4881293088431807,0.7943110169426832,0.41707663940699635,0.4619643539889638,0.24944881678880323,1.5558017908892032,1.0877996327966497,1.613443165988774,1.6376449089114333,1.8534183345735065
290.89521738400094,0.49368146878825303,0.791753585630467,0.4121810297975037,0.47169204216759664,0.245059797988464,1.52379129898628,1.0671272549516098,1.6078292403840275,1.6271066241704248,1.8309315563048045
291.52350943708467,0.5000533783606426,0.7889643401618353,0.4175030360963397,0.47294778385434966,0.24820978906154254,1.5747366931222622,1.0785635053484628,1.6427254946167795,1.6159651634276089,1.7987065406059448
292.1517772577606,0.5013938597049407,0.7833809162821154,0.4289699424017074,0.4705525810392834,0.2587499159094926,1.6302011551733337,1.1134519533707377,1.6178139854913833,1.6167260522528932,1.828567649017396
292.78006834154803,0.497837173938358,0.7804853405302922,0.43637857797244944,0.46413352897292415,0.2670321636994233,1.626708316880911,1.0627771683081233,1.5976585907547158,1.6386946690539277,1.7667081467996344
293.40835942533545,0.4901503966931277,0.7815234963512114,0.43587169883668914,0.4581386700710977,0.2699705100186074,1.6541014984602551,1.0529484094457024,1.5716636451040678,1.6198589634010565,1.7683387182652544
294.0366272460114,0.48132878820360514,0.7850598657396186,0.4301499161652055,0.4522674804749906,0.26876273615107027,1.6554501042922671,1.0703147035579423,1.5810890278249259,1.6067413088238403,1.7290668065341168
294.6649192990951,0.46844159422186443,0.7900531131301469,0.42628466071638177,0.449906835205288,0.26392900917335593,1.6379312071319396,1.0673006801949672,1.5699830960874133,1.5498849609947414,1.7442241932012295
295.29321038288253,0.455881989470585,0.7946710602066164,0.4234541225723173,0.4565473596949737,0.2525724478371106,1.6254897035586258,1.1015445600928482,1.573896853912286,1.563723347119389,1.7947363916136052
