time,x_ABF_0,x_CTC_0,x_ABF_1,x_CTC_1,x_ABF_2,x_CTC_2,x_ABF_3,x_CTC_3,x_ABF_4,x_CTC_4
0.0,1.6666321634059929,4.995530686650812,1.6666321634059929,4.995530686650812,1.6666321634059929,4.995530686650812,1.6666321634059929,4.995529796760154,1.6666321634059929,4.995529796760154
0.6282833294169274,1.6392128524578604,5.030682702469897,1.6425726346363843,5.032515432279636,1.6565007582669402,5.03209718367047,1.6383719057862396,5.032399746494123,1.6391447758225388,5.032404195947412
1.2565666588338549,1.6991981569735117,5.066356639159783,1.6950695092666488,5.070972502001791,1.714494487490435,5.06805633031618,1.6953311371200417,5.067966896305071,1.6938499141201337,5.069163354294483
1.8848499882507825,1.7485332500966124,5.101032563476945,1.7346847716799298,5.108307864549788,1.7570526183090605,5.103078867044555,1.7370349729071795,5.103047720871532,1.7363283997248862,5.104811929100621
2.5131333176677098,1.7809991309651287,5.136300265081545,1.7570753105208348,5.146534007646244,1.7822205058929592,5.138997523665336,1.761067804957054,5.139030894565003,1.7659070303541702,5.141235598669703
3.1414166470846374,1.8061354274306756,5.171772641537437,1.7735636495738811,5.184607089549557,1.8002701581051157,5.175119520301423,1.7793021094807042,5.174735087537253,1.7924146483233867,5.177857268910144
3.769700945797876,1.8338590809837754,5.207005637406382,1.7978879208141856,5.2221266594637195,1.8232720518279295,5.211006140858522,1.80666357753608,5.21021413817308,1.8200764544757697,5.214258691212781
4.397984275214803,1.873797818651167,5.2421776757652685,1.8337051298999762,5.259264466285685,1.8635716401570586,5.246396647373897,1.8469395837627773,5.245456477893933,1.8573290571925918,5.250405604787287
5.0262666353354195,1.9212076333361177,5.276937249804264,1.8757168678547127,5.295901264667309,1.9133859393993853,5.280914171153972,1.892766727912831,5.280547091257629,1.8997496999045873,5.285855733976734
5.654550934048658,1.9667598012729115,5.311280799960738,1.91643381490235,5.3323605298627035,1.959594401696306,5.315234139208013,1.9350013834773463,5.315745826336248,1.9413227217650284,5.320880495431755
6.282833294169275,2.011279251101328,5.345832139585808,1.9565612093891949,5.369060510481032,1.9975415640715413,5.349990598629708,1.9761815186123683,5.350402618004268,1.9797926949017208,5.356524175839274
6.911117592882513,2.1011902436028054,5.379225731465081,2.0294677262561014,5.404745570804139,2.0704841215100886,5.383923909192935,2.054156852666104,5.38490545858849,2.048772569241085,5.391036360275401
7.53940092229944,2.1435935334469733,5.413654711124704,2.065851350745582,5.4413156273864285,2.1038216502779195,5.419445674580337,2.0930517485918956,5.420045015938365,2.0858859040699618,5.426815749008236
8.167684251716368,2.186588600578579,5.44797334434276,2.1037864995969366,5.478297703343279,2.142102076704501,5.45461860282988,2.133966251365565,5.4550199435165485,2.125657342293686,5.462767331583355
8.795967581133295,2.23079881340341,5.482343146273639,2.144670301142911,5.515078664011468,2.1864880429342475,5.4896527081368065,2.177259431867533,5.489887194325138,2.166305767760673,5.498390544505745
9.424250910550224,2.2766522093278687,5.516048199883141,2.1862602309258508,5.551311452034452,2.233374156967083,5.524114613750769,2.220829813309406,5.524949331187785,2.2073016955295306,5.533696066463301
10.05253423996715,2.321563211045717,5.550158598687271,2.2272379159362234,5.587948250416075,2.280899212492219,5.55831756118331,2.2643565901090468,5.560219257519029,2.2477530102158148,5.569371337989172
10.680817569384079,2.3643380302395167,5.584090574414513,2.267335499086032,5.624439551675151,2.3255156604023357,5.592769678000036,2.306916500708988,5.594752354385614,2.2870581457348527,5.604910011299072
11.309101868097317,2.4064027166883926,5.6177893987894105,2.306022160597899,5.660675899260765,2.3677930307184254,5.626936584860936,2.348387185143782,5.629474108071654,2.326700104867868,5.6402613626255045
11.937385197514244,2.447679849905115,5.6516448439200815,2.3456667894028875,5.696901123213157,2.4105687398028834,5.661313505917079,2.3910383095361474,5.664119331161121,2.365699562945951,5.675428506585772
12.56566755763486,2.489874905335358,5.6853316547711,2.3857074195505965,5.733102320117787,2.4541413459714003,5.695603662634085,2.4336596225914766,5.6989153907170875,2.40447432363294,5.71070110258899
13.193951856348098,2.520456442735983,5.719054506193758,2.416477613770675,5.769271925904067,2.4895220636895408,5.730170130400336,2.4741874678743314,5.733237138552445,2.432331905730039,5.745940327692539
13.822235185765026,2.5637603019258446,5.752724854067607,2.4592364149326347,5.805317391943584,2.5342497479318826,5.764031359820284,2.517843723764682,5.767905053853687,2.4728406183637515,5.781441625594812
14.450518515181955,2.604468795012233,5.785870611398681,2.4985468897956187,5.841109239145628,2.5741738024034198,5.797827182276881,2.558976249749512,5.802848390313518,2.511294573468603,5.81657183909278
15.07880184459888,2.6411109327378046,5.8186688664278865,2.534447748603243,5.876530891834027,2.607186521081154,5.831263488907729,2.5986222133904877,5.8370531175273745,2.545350688942608,5.851360334578154
15.7070842047195,2.6750504725356374,5.851959230990854,2.566210170906768,5.912705392018924,2.6361373338513605,5.865250637855754,2.637029894181134,5.871611576277708,2.5752051856758102,5.886494997529412
16.335368503432736,2.707713464184856,5.8849456978941825,2.5968709085759367,5.948163975169622,2.6654098420943613,5.898969039825123,2.6755737282424237,5.90595601632484,2.6043126192017887,5.921394284401683
16.963650863553354,2.7423836042127427,5.917800905925486,2.6299316813491926,5.983580288514074,2.7019211658932365,5.932454735387479,2.715353620427398,5.940061075785024,2.6366703783553826,5.956276663351455
17.59193516226659,2.7809852811667897,5.951057009698129,2.666724210595932,6.0194117358503885,2.741734428977878,5.965839428360174,2.755469001390362,5.974536329758851,2.672579691124256,5.991172835606421
18.22021946097983,2.823021491114616,5.984118227416713,2.7051221025893426,6.05517199193408,2.7834373748743575,5.99918229647195,2.7981632854796312,6.0090703165160955,2.709443856568948,6.02617045539638
18.84850182110045,2.865293077141429,6.016645065795288,2.7448575002414266,6.090077952986284,2.826098733009288,6.03223772990126,2.8422765002227623,6.042752232968494,2.747590799396859,6.060542926999232
19.47678611981369,2.915789477572959,6.049409060034168,2.787561128182602,6.125394598577063,2.872703196648929,6.065519640502978,2.8892271313282887,6.076946726439788,2.790419456975456,6.09526913013856
20.1050684799343,2.956560263005393,6.082481846331304,2.8256693607668995,6.1605163581137825,2.912704226662367,6.099105448764336,2.931881370337956,6.111076702838389,2.828246039166559,6.129421798748935
20.73335277864754,2.996714799157302,6.115488335774433,2.863930209599009,6.19542854840059,2.9528921337139424,6.132867455375938,2.972004760316841,6.145080759708913,2.8664534945592006,6.164091048886165
21.361635138768158,3.0360150402777215,6.148360006782905,2.9013932714564006,6.230990358867594,2.992727644065029,6.166492863771567,3.010617115958782,6.179388714239074,2.9029897352964937,6.198891557895419
21.989919437481394,3.0735248213946478,6.181288185848149,2.93679445665967,6.26633147645146,3.030804285530974,6.2004390777493334,3.0481108790438673,6.213307341606448,2.9373857890017785,6.233188833737687
22.61820276689832,3.1114052419705476,6.214514033338427,2.9711215438389744,6.301337105257338,3.0688132953069256,6.233836229191237,3.086197309307048,6.247452891091563,2.9703250917002437,6.267911922259713
23.246486096315248,3.1499277186560506,6.247011950270624,3.0062926923072024,6.336139394047907,3.106876143467675,6.267403349748781,3.12551668307661,6.281408003975908,3.0042450539036047,6.302404529101368
23.874769425732175,3.1901423224273597,6.279509422257491,3.0423488370346132,6.371166825174901,3.1468575958866407,6.300855674411469,3.16656867395691,6.315463674504583,3.039540787063925,6.337256651768776
24.503052755149103,3.2327080173165763,6.311856057777862,3.079666401769454,6.405811603319041,3.18801859837252,6.334252380908043,3.2097844339716497,6.3493079960020316,3.07637158160895,6.37121977366904
25.13133511526972,3.276219221029706,6.344109254779164,3.119052517338352,6.440398983515751,3.22994001242549,6.367250861335251,3.2537392481776917,6.383247090854535,3.1139209628601483,6.4049261621145295
25.75962038327927,3.3188351947410886,6.3765631221238,3.157349851687431,6.474469337240281,3.272884800734929,6.400405962518234,3.29887316750532,6.417221781333351,3.14932926718868,6.438891953686768
26.387902743399888,3.3611535000274366,6.408802970765235,3.1944774247668324,6.509108331095144,3.314061821252649,6.433884094009999,3.3419532191947448,6.451101698457111,3.1858997687162987,6.4732239352646905
27.016185103520506,3.402938315864434,6.441337818159731,3.231743375843521,6.543876359095389,3.3544219221465092,6.467513506913587,3.383747378883649,6.48492154796147,3.2223732721622165,6.507488285152619
27.644471340826367,3.4426292189836283,6.473917160087117,3.2681305598956327,6.578110897646282,3.3946854699039974,6.501111773644155,3.4230382761521616,6.518428600899612,3.258517961010077,6.540834267881699
28.272753700946982,3.48057771619485,6.506514299827657,3.3031415280454572,6.612945667445863,3.4332751333341642,6.53455252972829,3.461552743821744,6.552188827729898,3.292504665012774,6.575215193445802
28.901036061067597,3.517796503066675,6.5390709495432695,3.336605421286696,6.647604683840526,3.4717313131656597,6.568222877602139,3.5000391799356065,6.586088322448131,3.325351419082829,6.60996497868756
29.529318421188215,3.556630886427737,6.571690781495584,3.3714223932731193,6.681982441500462,3.5089385314589348,6.602209136659506,3.539494262030483,6.620007394760834,3.3587984044015693,6.643609519732333
30.157604658494076,3.5973255862089295,6.603854544485778,3.4070660736806397,6.716528441781585,3.547691044879479,6.636091723455239,3.580605430639526,6.654000772943464,3.39343472858446,6.677021301083227
30.785887018614687,3.6405449057863,6.63612420446425,3.4440579384347254,6.750944962971998,3.5883287916585713,6.669327751401217,3.623106163510723,6.687091303766891,3.430233487065803,6.710750381740489
31.414169378735302,3.684081471383177,6.668077899972337,3.483037373973009,6.784814646353194,3.630603937248017,6.702319557648492,3.666550180479189,6.720601471322335,3.467241814797059,6.744106598212134
32.04245464674486,3.729301265159282,6.69989772022329,3.5225502989606428,6.81929123516301,3.675175445679915,6.7355814457104115,3.7117174707064837,6.753760132067948,3.5066346045458903,6.7778290046894645
32.67073700686547,3.7725988951145393,6.7318011901960775,3.5601192578063126,6.8531604735988765,3.7169540322823074,6.769262917217482,3.7548905159696493,6.786893875875143,3.543971746875204,6.811015252045469
33.2990203362824,3.8152322216937486,6.763897766441605,3.5981385013248297,6.887496459684757,3.7573973379526713,6.802376193539547,3.7965049177456773,6.8199493093044525,3.5810690636722398,6.844896948950545
33.92730269640302,3.856393669124958,6.795953852662205,3.6356104620887995,6.921527658220345,3.796694464455789,6.835662108649227,3.837638778566494,6.853225880562223,3.616964138190588,6.878109003135627
34.55558796441257,3.8963510944961626,6.828281800478762,3.671883740136713,6.955847181329059,3.836676361820084,6.86932578234314,3.8777221234657784,6.886905127342651,3.6515817746696646,6.911531516461278
35.18387032453318,3.935904509508726,6.860272924681342,3.7077316504501976,6.9897319928514365,3.8752019531228887,6.902687783104061,3.9175344966597616,6.921920544945763,3.686113981645592,6.944531331724474
35.812152684653796,3.977291544221687,6.892013544663752,3.74290902815303,7.023575424458227,3.9141969617476833,6.935833985380466,3.9582274166596383,6.956195128576257,3.721060877668054,6.977229029109347
36.44043892195966,4.0202123054833665,6.923489422175464,3.779295322314484,7.058109856160799,3.953591976223159,6.969156386007114,3.9998551667955344,6.989687943263876,3.757721258152111,7.009903144391789
37.068721282080276,4.064195151245129,6.9550004503681615,3.81627917805265,7.092218920128943,3.994065983121216,7.002064987477886,4.043050014379816,7.023290659447731,3.7947771950335585,7.043197068517387
37.6970036422009,4.107628489525701,6.98663250369032,3.855416124237364,7.1256814785341955,4.035433885185035,7.035549793149582,4.0866724544251705,7.056604161167802,3.832660285281433,7.076138150997169
38.32528600232151,4.152424250403365,7.018177792673342,3.8944649712469555,7.159495543749277,4.078497918842619,7.068174964445846,4.130922267384273,7.090220225711524,3.8702554959015076,7.1086471915625875
38.95357223962738,4.195251573145975,7.049999837650939,3.933095569647381,7.193755444183918,4.119163252232105,7.1013233914488945,4.174072175490336,7.123520379071727,3.9076633845381155,7.141918868421741
39.58185459974799,4.237944077453928,7.081328883204115,3.9713074744933117,7.227576183578934,4.1594561663813,7.134248010951506,4.216492818202331,7.157123095255583,3.9447446833033117,7.174519122779587
40.2101369598686,4.279066369696193,7.112505757454809,4.008562746882108,7.261654991264714,4.199143509937863,7.167136589882477,4.2571683853343805,7.191049286693549,3.980392368218791,7.207488681760416
40.83842222787815,4.319680979318184,7.143517112043151,4.04566540302309,7.294981396399322,4.238899375075077,7.200224949266125,4.297265523538861,7.224271129675866,4.015576420101557,7.2400150751936625
41.46670458799877,4.360604825943759,7.174566286984449,4.08210153106138,7.328574768731271,4.278372699928438,7.233502410414554,4.338281918792847,7.258001100223788,4.049886599358364,7.272702538835971
42.09498791741569,4.401993640438036,7.205661291294624,4.11808514970018,7.36249161631733,4.317611093648141,7.266351834156582,4.380699446887541,7.291424948385425,4.08507065124113,7.304770193635122
42.723270277536315,4.4448761364014295,7.236407013521613,4.153937509466954,7.395567517231768,4.356247476337843,7.300042204570231,4.42412967055081,7.324681942048725,4.122144830881063,7.337345086109219
43.351555545545864,4.4875815441239215,7.267522930262246,4.190975648535246,7.429396710588033,4.396373091043372,7.333231566543538,4.468844006433285,7.358240608645019,4.160317580538051,7.369756683647609
43.97983790566648,4.531468726639971,7.2985516377184165,4.2292093557022925,7.462961161473603,4.438494730494346,7.36653661430236,4.513854675904807,7.392166800082986,4.198728375946,7.401613879306189
44.60812123508341,4.576818889397444,7.329477117858281,4.269377240214068,7.496902036107423,4.482746768180094,7.399745553870138,4.559225306147409,7.425489645654963,4.238343193413951,7.4339355978881425
45.23640650309296,4.621173264508839,7.360350539394663,4.309235442776928,7.530842020850586,4.525170080564062,7.432714222960311,4.6037216188187235,7.458863214994435,4.276503484601729,7.466368997747649
45.864688863213566,4.664468669737452,7.391385921030767,4.348831572541066,7.564124821342962,4.567191607316035,7.4656846718318,4.647146948083375,7.492271045124233,4.313530944982128,7.4983979423031855
46.49297122333419,4.706670844292957,7.422306506772013,4.387629470385159,7.597602062944067,4.609049839132301,7.498680037641708,4.689261913354416,7.526162975771873,4.349455830837512,7.530854479319794
47.12125358345481,4.746787115146579,7.453434437036527,4.4255623945098685,7.631226581449039,4.648665546490911,7.531452485841836,4.731098342849566,7.559814635941908,4.384336874951298,7.563122804462279
47.74953982076067,4.786916734360069,7.484494290665719,4.462438128533112,7.6648350819221704,4.688660792215073,7.56404873569172,4.772400393004707,7.593019571001726,4.419627713713001,7.595408037527262
48.377822180881275,4.826999634314023,7.515527002629848,4.498467131595459,7.698171720799343,4.727867149871094,7.596550212186548,4.8145709764418605,7.62680916422372,4.455036018041532,7.627849001457359
49.006104541001896,4.868392898261589,7.546748816358759,4.533708136480325,7.731576436311839,4.767251485658677,7.6291914015146505,4.858202760339122,7.659762705172711,4.4917809381380795,7.660304203637982
49.63438980901145,4.910878502991604,7.578260289496786,4.569106207066292,7.765047003733011,4.808278559600557,7.661959400261489,4.903752258603942,7.693009020148117,4.529858469494682,7.692644609923748
50.262669261243126,4.954206834174554,7.609140830158431,4.6064491336848805,7.7986034456026605,4.850877180444112,7.694909381647849,4.948171150788027,7.72649560560113,4.5681313318506716,7.724681563495205
50.89095549854899,4.998623501631996,7.640224265890055,4.644612539489961,7.832206161786517,4.896407991005119,7.7278117538840165,4.993653017362855,7.760091647605052,4.607401761634056,7.756801276897837
51.51924076655854,5.041893544976861,7.671043849041641,4.683082512626653,7.865795529610505,4.941182394506995,7.760181971506819,5.039028986949403,7.79337800766006,4.646075519731383,7.789084285236176
52.14752021879023,5.084667474280003,7.702162435454248,4.721378512139745,7.899581118324538,4.98443241531206,7.792985565879969,5.083092812761026,7.82698695307852,4.684311006679746,7.821647164186391
52.775805486799776,5.1264122450374,7.733617845480832,4.7603588375686865,7.933256360597006,5.026991436021343,7.825657011490438,5.12631480201037,7.860370756160557,4.7204730483954345,7.8536956863363985
53.40409172410564,5.167223520494764,7.764761348831858,4.799174088280606,7.96668955261055,5.068834539696426,7.858457491246287,5.169392628973152,7.893675358974049,4.755907159553042,7.885762006299563
54.03237117633732,5.207823001975572,7.7959186454880784,4.837183987947215,8.000041764574235,5.109902103663237,7.891104464863665,5.21072404552,7.927044923805561,4.791778651968959,7.917894178171404
54.66065644434687,5.248549737820444,7.827455035564523,4.874444154734629,8.03349853869021,5.150712489229943,7.923557887262972,5.2531273353641685,7.96046832702187,4.828271733009348,7.949990754416933
55.288941712356426,5.2899656939797834,7.8588574970969685,4.910554582792165,8.06692194190652,5.192348693327088,7.956054469359182,5.297603625495681,7.994035892524742,4.865294298991129,7.982204351283963
55.9172211645881,5.332356525354744,7.890423253565119,4.9465880353078004,8.100511309730509,5.23525254666627,7.988759730814647,5.341988256889442,8.027426369786712,4.903438572147067,8.014607049915776
56.545507401893964,5.376222350495007,7.921772766603425,4.983514493098539,8.133385650410954,5.279638067950686,8.021343522195322,5.386552201250748,8.060861341581573,4.941243796962383,8.046557684093425
57.173786854125645,5.4205193276589725,7.9532824599601355,5.021676119122303,8.166808163736606,5.325940858657335,8.054037660017563,5.431074320751138,8.094509442188977,4.97948506820002,8.078733905552827
57.80207212213519,5.464750897859592,7.984748103729284,5.060319175991939,8.200049584313396,5.369901902097982,8.08671755958928,5.475588876180937,8.127895025052329,5.017013981966089,8.110557730311742
58.43035739014475,5.507867435065986,8.016648459084768,5.0995233089213166,8.233464088623125,5.4131470285044285,8.119217701248122,5.519580175903949,8.16127348879042,5.054049006417079,8.142680558331675
59.05863781167274,5.549959263179924,8.04820665148233,5.137509626485493,8.266831428727993,5.454966995022408,8.15209515654587,5.563318301734817,8.194415241613534,5.090110045543108,8.174644540869192
59.686923079682295,5.590766089183999,8.080262737702927,5.175491049651055,8.300335811994161,5.496880845004787,8.184590403806094,5.606285337310702,8.227863561768261,5.124902100591113,8.206797180226163
60.31520834769184,5.631642326659383,8.11174395455859,5.213622419392454,8.33334630594525,5.538851647989265,8.216843155862065,5.650088870104918,8.261174838761686,5.160349560108589,8.23863568818093
60.943487799923524,5.673105891968914,8.143329288621212,5.251478367975264,8.36649517789363,5.580306314392218,8.249053193166466,5.694066376522734,8.294601801540628,5.196341632708636,8.27047241635438
61.571773067933066,5.714496931189834,8.174963121724685,5.2891251922534925,8.399810904340343,5.621796131476155,8.281769133309822,5.73721539473814,8.32786635927452,5.2347987024307905,8.30236743236592
62.20005930523894,5.756277742518873,8.206715755230974,5.326549988812599,8.433556003029448,5.664647036321197,8.314465495858709,5.781415818765734,8.36162436137816,5.273221956307949,8.334590373084856
62.828338757470604,5.799710635854115,8.2384982000743,5.364307159532393,8.46643167854588,5.708041219412825,8.346380979355377,5.825770193877129,8.39459436530432,5.311831642277916,8.366283828862402
63.45662402548016,5.8439355318748,8.270512461433983,5.402758889910601,8.499140054618646,5.753343328074776,8.378700028265357,5.870268731275089,8.427228880452489,5.350839554317249,8.397924336145808
64.08490929348972,5.887077430964943,8.302177885655809,5.442398624316971,8.532045541472117,5.798388703281954,8.41110584151447,5.914556809532477,8.460200219214636,5.389153351643497,8.430196665796252
64.7131897150177,5.928898732318909,8.334084915191225,5.482200318823062,8.565273168743708,5.843231628364481,8.44340798250195,5.95861618589081,8.493457212877937,5.426856683978495,8.46190124520702
65.34147498302727,5.970487327265861,8.365829094736265,5.52019464540316,8.598577771557203,5.888214711225611,8.47554905328037,6.002108701900126,8.526132218051035,5.462389572999118,8.49382429277428
65.96975443525893,6.012494170821981,8.398160602115453,5.557984742077293,8.63178715607031,5.93256686161036,8.507489898660785,6.045818351229945,8.559342047509473,5.4982067820849085,8.526003628850983
66.5980397032685,6.056251429301993,8.429940377286806,5.59477015219877,8.66491867515086,5.976000199890933,8.539475683519417,6.088953576140153,8.59261683898593,5.533103399285206,8.557997422725537
67.22632497127805,6.0997159137555865,8.461879442885905,5.63186969372245,8.698197471135277,6.01914432370772,8.571497064004362,6.1327281874879915,8.625751917629112,5.569389580747657,8.589783427131493
67.85460539280604,6.142888069128093,8.493539082818453,5.667862656213157,8.731249345001954,6.061968531833027,8.603802319609146,6.1769036945771685,8.659082772217008,5.605851960560353,8.621663315001848
68.48289066081558,6.1855752340920995,8.525048776175163,5.703847164742613,8.764282531164818,6.104453691617713,8.635768526873306,6.221285656298955,8.692080807698888,5.643429818312601,8.65342351257873
69.11117592882513,6.228584094528901,8.557120880427604,5.741185196962586,8.79725120025499,6.14741583279498,8.667758316239901,6.266012450650639,8.725419671302706,5.682011917672177,8.6851512291466
69.73945538105681,6.272266157248328,8.589195654352016,5.77820998767101,8.83000273602466,6.191943736584646,8.699607057937232,6.310573280394644,8.758652192972917,5.721376675865287,8.717063153080636
70.36774161836269,6.313961539074217,8.621468873893118,5.817366066504865,8.863072407704495,6.235501214611981,8.731308967676027,6.35577216174029,8.791765469294983,5.760695159744191,8.74880599778969
70.99602688637223,6.355301409582315,8.654207061302921,5.856812249693166,8.895835956998043,6.280470059222586,8.762951699686077,6.400720093920438,8.824782192480678,5.800733120219927,8.780490554660657
71.62430633860392,6.397410145618751,8.68633300394016,5.896318055555537,8.928397501112274,6.324185937787009,8.79454993716324,6.44546780070258,8.85747544041226,5.837878046167155,8.812547975717242
72.25259160661346,6.440743371200321,8.718233804240972,5.936051673426306,8.961022227463207,6.3668975747441054,8.82646720044122,6.488436171114452,8.89041296332941,5.872343956289078,8.844126635599933
72.880876874623,6.484575825440915,8.750267643195127,5.974494504897935,8.993277649191153,6.408758031287015,8.858108597615285,6.531762722516087,8.923071505525341,5.9069722714560475,8.875847233042542
73.509157296151,6.528980479374475,8.782072780250225,6.011352886053353,9.025738190715723,6.4483194553155005,8.889706835092447,6.57495668020971,8.955937392244538,5.942970573290701,8.90760832051008
74.13744256416055,6.572337287058477,8.813865013890787,6.048532517736235,9.058261024586338,6.488982119033012,8.92126013309139,6.617625602415233,8.989107621568703,5.980248092945941,8.939121128484093
74.76572201639223,6.615648265373601,8.845827661592317,6.086157539693346,9.091148713626652,6.5310107649102465,8.953313104694686,6.660261598666414,9.022305882448588,6.018673126604415,8.970643725255341
75.3940072844018,6.660362156310747,8.87815694424486,6.1252793577368765,9.123498463764326,6.573429182895597,8.985232147753985,6.704641727320021,9.055573109854453,6.0574073972664735,9.002204587324874
76.02229352170764,6.703176077406625,8.910275322811506,6.163749330873569,9.155793485626544,6.6174035746961115,9.016934502438108,6.74929777536441,9.088494169794433,6.095719859756736,9.03337211772366
76.65057297393933,6.746296174175651,8.942563225548463,6.204858274755967,9.1881783864452,6.66105087839302,9.048621728981049,6.793356706777415,9.121624354038998,6.134767816875669,9.064734979121834
77.27885824194888,6.788557081514572,8.975367264866943,6.24588890826048,9.220611341359376,6.700815642436811,9.080126527939141,6.83784901494077,9.154655760420546,6.173382397244254,9.096193948711047
77.90714350995843,6.830620878072789,9.007389090297217,6.2864496794976725,9.252769320060295,6.74128920438954,9.111532549034218,6.882544218174101,9.187666254371635,6.210483273603921,9.127554585382578
78.53542296219011,6.872957871062952,9.03929389510599,6.3253485799314255,9.284845873766022,6.781145182225756,9.143536131706007,6.926046522980652,9.220706114714433,6.2463912515368065,9.159115002506782
79.16370919949598,6.916046376713626,9.07120047969608,6.36470755383526,9.317117758471138,6.820482798753804,9.175377309332747,6.969354831623804,9.253113707744863,6.281319014910127,9.190562848462775
79.79199446750552,6.959687949408123,9.103216520837076,6.4018533696731454,9.349304658618435,6.859514737840897,9.206912809518533,7.012712084253134,9.286020974379648,6.316551565833744,9.22179489593425
80.4202739197372,7.00239914141989,9.135425668250818,6.437521522073756,9.381091997860379,6.898531993732137,9.238630737289169,7.056154766385613,9.318761386516096,6.3531670068395805,9.252953082481131
81.04855918774676,7.0454004377861,9.167342931528799,6.473554084698734,9.413703820796774,6.937476278589436,9.270269464791259,7.10022081692388,9.35166464864292,6.391111054597513,9.284290137050228
81.6768444557563,7.08947360744963,9.199713149151604,6.509982648666433,9.445807961112894,6.977865745875003,9.301889059644209,7.144584090941852,9.384187482513536,6.430203951194666,9.31550750132585
82.3051248772843,7.135402644080002,9.231589032513998,6.547829253397337,9.477548136149974,7.018095477787494,9.33366527525293,7.189283743628474,9.416906982219524,6.468197387884107,9.34663276191839
82.93341014529385,7.181294750248075,9.263484048525534,6.590839448670124,9.509646937122149,7.05896682086426,9.365568745225717,7.235278187222193,9.449660742715839,6.506651787934287,9.377947569221043
83.56168959752553,7.225058682908019,9.295563271903237,6.634928191420166,9.541496568710137,7.099346054407262,9.397398799219234,7.281068400909949,9.482202709235597,6.544525534330255,9.409286848516784
84.18997486553508,7.268750089479353,9.327665187492713,6.670830331776912,9.57335331942339,7.1390338429091535,9.42871583124853,7.326425682792685,9.515142456879392,6.581481803458029,9.440575404045031
84.81826110284094,7.313203687399092,9.360180012347408,6.708209298967142,9.60540050673741,7.179029533578645,9.460551669531323,7.371224113342321,9.54809688771904,6.6175637550145145,9.47199610833596
85.44654055507263,7.359509592723041,9.392013180958228,6.747349359769157,9.637291518240989,7.218223432765457,9.492549467913838,7.414501275812449,9.58090181692818,6.6540096718500426,9.503318479709202
86.07482582308218,7.406982589644697,9.424131559524874,6.784528546506711,9.668841256677299,7.258688985702266,9.524134357031132,7.4574389449966265,9.61402043259419,6.687012993389004,9.534495353959896
86.70311109109173,7.454988186125045,9.455985640566151,6.821275246384574,9.700519139368334,7.298760762022998,9.555896334389328,7.500152806680366,9.646540596792834,6.723053565029903,9.565714498016835
87.33139054332342,7.503315033132859,9.488458640559932,6.857488456813085,9.732313597735539,7.337589361094784,9.58812149983491,7.543876249315381,9.6793290630248,6.761451901968642,9.59706045149251
87.95967678062927,7.5513962703191195,9.520228181988719,6.894037600964918,9.76406979080446,7.376960793467828,9.620105504912226,7.588104704898697,9.711823420394365,6.799919205433362,9.628410409476144
88.58796204863883,7.599075276928055,9.552492947568572,6.928810968309109,9.79574455887819,7.417026785499285,9.652106862857371,7.632697125761053,9.74487662909703,6.838816771031127,9.659603301758677
89.21624150087051,7.6457718442507785,9.584428453605039,6.96523819744082,9.827297411931806,7.457794901259746,9.68437340821854,7.678154520342792,9.777358083052057,6.8771354627559935,9.691118334459336
89.84452676888004,7.690883961257292,9.616586432305956,7.002660769273284,9.858703433026882,7.499007072458449,9.716586115194911,7.722407002973868,9.810183924691653,6.914546021064575,9.722513676866518
90.47281300618592,7.734866362073725,9.64841782113546,7.041954336213769,9.890585990569209,7.539502881677624,9.748070446667874,7.765738003828792,9.842790853229431,6.950934095007344,9.753691441007867
91.1010924584176,7.7782458619695,9.68042585326054,7.082366495711111,9.922058753463622,7.579789121646885,9.779902280442709,7.808400696799709,9.875906354278142,6.986635173362292,9.78527766496115
91.72937772642713,7.822926382006979,9.71212553827269,7.124258098427044,9.953292580716413,7.619554330636006,9.811772379515828,7.851161722688313,9.908157771498129,7.022098650911608,9.816598256553076
92.35765717865883,7.867724367611286,9.744189633509208,7.166792202197908,9.985026526518888,7.659838790823953,9.843664725855392,7.893298490280471,9.941101523649884,7.059479397883153,9.847896600878558
92.98594244666837,7.912578861272365,9.776568750038589,7.208920960774146,10.016375594611867,7.699030465284121,9.875176643938746,7.935528696391697,9.97348642446854,7.097241907946895,9.878992050134064
93.61422868397425,7.958297883707496,9.808517604434924,7.249263708800179,10.047546684573284,7.739373213310153,9.907229615542043,7.979233006377569,10.005951415446397,7.136014888852568,9.91023210662146
94.24250813620593,8.004187320203595,9.840807286953195,7.291777345085913,10.078920224659349,7.780594728360763,9.939299050122509,8.02371063134507,10.038379920907285,7.175964750153182,9.941910434257823
94.87079340421548,8.050455850119919,9.872576828381984,7.334363062514931,10.110786319224509,7.821947947228728,9.97109573321636,8.068204719289739,10.070948584146779,7.2155528709014,9.973567849463729
95.49907867222502,8.09583003992515,9.90460933250015,7.379181515604368,10.142247958485697,7.864394396769799,10.003156268890248,8.112941302438658,10.103638272515731,7.2535147164724885,10.004873312914473
96.1273581244567,8.139559711794771,9.936343723247955,7.427200460444583,10.173426612517707,7.9079821310795,10.03496407561732,8.156700785645313,10.136441421943553,7.292511949823928,10.0357089140979
96.75564436176255,8.181852655197373,9.96828412368304,7.475424525081421,10.204921622678562,7.950114004273038,10.067053087792258,8.200794867739301,10.168826322762209,7.330869351792408,10.066900916489775
97.38392962977213,8.223266831575396,10.000002051453675,7.5245745209477,10.236723200171031,7.992296156288743,10.098965011726294,8.243404167270752,10.200848593137811,7.3688165141676425,10.098114721202768
98.01220908200379,8.266143098304184,10.032151131248014,7.571546509429013,10.26795480269718,8.03314703188038,10.13141042510968,8.285577865325207,10.233263750238834,7.404518482413249,10.129654670841841
98.64049435001334,8.31111194291479,10.06448041390056,7.6185394103407855,10.298882952509016,8.074041512114249,10.16379399109235,8.328487502953664,10.265840422494247,7.441070741182383,10.160826205748588
99.26878058731921,8.357663013114964,10.096389223217292,7.664128953685206,10.330537698042948,8.115240334953084,10.195995129490171,8.372078796825994,10.298411755405711,7.47828062914763,10.191961700083693
99.8970600395509,8.404994517422029,10.128280679666199,7.710623070883281,10.362143499590701,8.155967960688615,10.228226969115687,8.415270084847643,10.330643150085898,7.516548597105002,10.223373060522716
100.52533949178256,8.45256184275341,10.160247776821018,7.7566237437116055,10.393889903862386,8.197078239407,10.260136223377748,8.459814451614479,10.36345430852964,7.557626839759707,10.254975302507837
101.15363057556999,8.4990007867307,10.19248495579048,7.802369017921142,10.42576934678741,8.239731588526011,10.2924779644995,8.503773715273812,10.395723523562781,7.599620334955957,10.286201120744709
101.78191002780167,8.545070426085005,10.224739932573097,7.848589048796614,10.457082819254076,8.282981164385747,10.3246880018039,8.548039546264755,10.427907309092776,7.6399528492394255,10.317744185001086
102.41019044932969,8.588930466935992,10.25686276059303,7.895127215582249,10.488354911805153,8.325721277843892,10.357025293472365,8.591108919266286,10.459898878240685,7.6804499932945856,10.349334413462328
103.03848153311708,8.632229876672564,10.288970460471784,7.941139901934455,10.519714213640695,8.369379758460887,10.389329659186489,8.633858821521667,10.492309585888417,7.720801640227196,10.380930871158174
103.66676098534876,8.674371093718012,10.321005189316596,7.9849683516670895,10.551364064776008,8.412034442415884,10.421622456322064,8.67686679206781,10.524804833148641,7.76183583329434,10.412445458913503
104.29504043758045,8.71692344024736,10.353088417202256,8.027513579071176,10.582867973843443,8.454729616395811,10.453893451136521,8.719139267985282,10.557308534370113,7.801621954713918,10.443811434928977
104.92333249066418,8.76117903749574,10.384856178849729,8.069292610618898,10.614469325937907,8.496958042725721,10.486089250190394,8.76224290177714,10.589613789974896,7.840789602126327,10.475298436073913
105.55161194289586,8.805888478979597,10.416853087341584,8.11223250452972,10.645892254955482,8.539032073026505,10.5181916107252,8.805669565877778,10.621551075792679,7.879284937146766,10.50659544556341
106.17989139512754,8.852224195640582,10.449270024223921,8.1552702864129,10.677577256771778,8.580876511537573,10.55087017546093,8.849154517816503,10.653570676496308,7.919407437234994,10.538210590963068
106.80818247891494,8.89854789877769,10.481413319728986,8.199771048537503,10.709067372534017,8.622791696355938,10.583687118193948,8.892481959108796,10.686433893543532,7.962814078795831,10.56961883678479
107.43646193114665,8.945142128674766,10.51384760947915,8.244254902739607,10.74100821791443,8.665675972100647,10.616249552198836,8.937511316284132,10.71890333397468,8.007925750857014,10.601228197895171
108.06474235267464,8.99157217374548,10.545806697618048,8.288005042094357,10.772820919040122,8.708241666989865,10.648738570224456,8.982412084259416,10.751228612119263,8.050689001472263,10.632614641395776
108.69303343646206,9.037056709992282,10.577523290552696,8.333263991059404,10.804340401194068,8.75112727757056,10.681118576644494,9.02509257504349,10.783200158727372,8.09212987457002,10.664153256198865
109.32131288869374,9.081876052972376,10.609794730312485,8.379521842287833,10.835952876921754,8.793164822354374,10.713456313258286,9.066818658097072,10.815242896588103,8.13478633830633,10.695709223869782
109.94959234092542,9.126179259370948,10.641759602740658,8.424833294801692,10.867311733811967,8.83482104899132,10.745483478032508,9.109144082508681,10.847397760671718,8.177956713897524,10.726791769710747
110.57788439400916,9.170370784491963,10.67390734769901,8.470466442788345,10.899019427840038,8.875185154393138,10.778348474861046,9.15187129255229,10.879418251266005,8.22008191291113,10.758370874538766
111.20616384624084,9.214674435835866,10.705932732691917,8.515409925515204,10.931015446441235,8.915971957857414,10.810791663517788,9.195185830430045,10.911518387074167,8.260555474863859,10.789857875683703
111.83444329847251,9.25897986696108,10.73801106617896,8.560290226005359,10.963053289903348,8.956813489597142,10.843492920465293,9.238177782944348,10.943545551848388,8.300351830026003,10.821780033360303
112.46273438225994,9.304556951836291,10.770340348831505,8.604213449093049,10.995135182953025,8.997969597684405,10.876088725369847,9.28178553979385,10.97590331100198,8.33950301446124,10.853419205807722
113.09101383449162,9.350485543521335,10.80229721224376,8.647301064853066,11.027114293631724,9.039951969247433,10.908905223157536,9.325611764799838,11.008528037352914,8.379820400603524,10.8852332417694
113.71929425601961,9.39592425039926,10.834592234105976,8.689071197494208,11.058749461571184,9.082978182552061,10.941417378340258,9.370397736880268,11.04040303082465,8.422532037560622,10.916644602208423
114.34757370825129,9.440873072470064,10.86658157852724,8.728903593227994,11.09049542089754,9.126838223403048,10.974190271485716,9.414373463516768,11.071950989479646,8.46404944125495,10.948261082444068
114.97586479203869,9.48539697175177,10.899033221145233,8.769408746299074,11.12215461588476,9.171388819404488,11.007446375258358,9.457323146224825,11.103984383488472,8.505078294978146,10.979842411998732
115.60414424427039,9.529635216132322,10.931253047246868,8.812846978978264,11.154325942945546,9.215718722522793,11.040328280009396,9.498383146121046,11.13568451344595,8.545635951598037,11.011362339098007
116.23242369650208,9.573638084433886,10.963338054913844,8.85911773362123,11.186075016889204,9.259993007474986,11.073101173154852,9.540230254304088,11.167563956370977,8.588326231179346,11.042744333145322
116.86071574958581,9.619224513161004,10.995134738007696,8.905324861082164,11.218048343278628,9.303953161024975,11.105867392120377,9.582326086925987,11.199353965284892,8.630622734144579,11.07433233687992
117.48899520181749,9.66481583628674,11.027510739919775,8.952307973196701,11.249917107515758,9.346356895814473,11.13846764647822,9.625012806944664,11.231267224054916,8.672861839162383,11.105630236260073
118.11727465404917,9.710775129199478,11.05970520413766,8.998028775413148,11.282015463542605,9.38806028665628,11.171269906015386,9.669065954068394,11.26336558008176,8.713316268465968,11.137361067445246
118.74556573783657,9.755869448392833,11.092100338698883,9.042911745575275,11.313894016576972,9.428405259408958,11.203870160373228,9.713270827549279,11.295216991451065,8.752706388542826,11.16884895848084
119.37384615936459,9.802050324079364,11.124067435853702,9.087035194060972,11.345993262494474,9.46698424415123,11.236641718682698,9.757414743520103,11.327271742835679,8.79316259762773,11.200202031081778
120.00212561159626,9.848954235925355,11.156012730687404,9.129304555361141,11.377911415663114,9.50363528078338,11.269219280828768,9.802291484447627,11.359285114304702,8.83754633913083,11.231734416650262
120.63041669538369,9.894540664652473,11.188023432484457,9.172207518809664,11.41030076593506,9.542306814154065,11.301971706489097,9.847460109510909,11.391404827707335,8.883340112381216,11.263161795121125
121.25869614761537,9.939896611699222,11.219894421448233,9.215346748227834,11.442364416226251,9.5827527894964,11.334710338844229,9.891271651321045,11.42311430151672,8.92854032856285,11.294574045450805
121.88697559984705,9.983766886292774,11.252010130342905,9.260215035194108,11.47385453198849,9.625059971149527,11.367755093585643,9.933301187088937,11.455176172026597,8.972650428688679,11.326137132246984
122.51526765293076,10.026992435104749,11.28412450440159,9.305728047941958,11.505685030927337,9.66723900854793,11.400406071710984,9.975810373921384,11.486700548579162,9.016199007809435,11.35776562600651
123.14354710516244,10.070358586640657,11.315752553215786,9.351641956431147,11.537748681218527,9.709086561676303,11.433056604890991,10.018064162135042,11.518470979898606,9.058314418025807,11.3890933367237
123.77182655739414,10.115086270883,11.347999965927814,9.397494462464946,11.570168732718168,9.752338362262684,11.465977219885644,10.060785587889374,11.549980673255316,9.099757960795538,11.420969220086096
124.40011764118157,10.159102932489757,11.380261616890364,9.443245520963758,11.602183883968506,9.79652588287574,11.49872252642071,10.103984439981614,11.581700380807266,9.139463992055914,11.452453996504385
125.02839806270956,10.204677792638327,11.412394678652863,9.488233498223508,11.63404819875235,9.841438219429575,11.531433127220119,10.146781506441862,11.61335779601317,9.179618083262492,11.483685599030533
125.65667751494121,10.250957001242542,11.444576684401541,9.532748498598636,11.666413077031205,9.885951884968716,11.563996896060996,10.190541879539174,11.64524791762609,9.221349950605351,11.515202411512506
126.28496859872864,10.297581487421985,11.476623426770233,9.575771152340632,11.698419774320296,9.92758008004994,11.596411608216686,10.23411849021565,11.677238151938013,9.266322799723916,11.547238030247978
126.91324805096032,10.345614670512724,11.508851706833118,9.61933130003994,11.730688099462782,9.971080605075178,11.629282834279833,10.27778364501258,11.709262202094934,9.31226785438613,11.5788233643106
127.54152750319201,10.393909926402186,11.541126706155536,9.66311747996633,11.762770437457785,10.015857233303699,11.662077529746403,10.321216093402494,11.741179020427586,9.357982427367972,11.61012215358141
128.1698195562757,10.440299481447969,11.572640404020206,9.708911698162046,11.795121077486117,10.061200721881237,11.695141417136963,10.363662542943565,11.772714075668043,9.404120143357597,11.641946868230981
128.79809900850742,10.486486141423775,11.604507388476023,9.75569680960522,11.827024547458903,10.107473701250848,11.727864476405582,10.405459817249772,11.80425669497909,9.448757058752843,11.673239873212518
129.4263784607391,10.53223942464923,11.636870486973564,9.802933985502557,11.858963168112671,10.153790285262692,11.760694322553139,10.446552298155002,11.835715664568307,9.492326550304059,11.705202965859376
130.05466954452652,10.578012285469157,11.66879798399411,9.849515756930428,11.89088666062526,10.199485725595393,11.793465880862607,10.487929989016054,11.867367740430264,9.535045751331745,11.736918668903368
130.68294996605454,10.622659879552298,11.70080824084583,9.895829671270297,11.922418156303085,10.246413219543815,11.82592909205915,10.530021372184663,11.899127938007146,9.57745082095723,11.768299773060026
131.3112294182862,10.667811151747753,11.732592910415802,9.942047922364452,11.95474743895563,10.29245349250641,11.85854402961285,10.57228049974227,11.931138194858868,9.620687938347755,11.79978810904095
131.93950887051787,10.713446969406379,11.764801612884215,9.98794714765779,11.987003750574234,10.338807451925884,11.891309358687714,10.614390570614692,11.962743996406621,9.665593600721659,11.831542967273881
132.56779995430531,10.758859869455227,11.796927110576123,10.033675513944825,12.019379307540982,10.384706677219219,11.923447314848833,10.655758917623839,11.994323991125295,9.714668400827353,11.862827963239498
133.196079406537,10.803604461620067,11.828711335200763,10.079899994273587,12.05137221152488,10.428539131459814,11.956281165504347,10.69781737483811,12.02587328461628,9.763821511310935,11.894844004380497
133.82435982806498,10.847569954514002,11.860498229497379,10.12631802582042,12.083003374956379,10.47248015236066,11.988654052799124,10.739890070302904,12.057470632202781,9.81198951283633,11.926325666181485
134.4526509118524,10.891780167338835,11.892425726517926,10.172440613668865,12.114669689068863,10.51586588149104,12.020989119740943,10.781471991069925,12.089092896727704,9.858841811024169,11.958204664161181
135.08093036408408,10.936228425914626,11.924400832688663,10.217835270959228,12.14676270575176,10.56153640488532,12.053635648412993,10.821742213007346,12.120416157991606,9.904472734284179,11.989847841116562
135.70920981631576,10.980637084356147,11.956341233123748,10.263330040948592,12.178509554968773,10.608094149265428,12.08630664907813,10.86137171367115,12.15184665107977,9.949137236289816,12.021675670383438
136.3375018693995,11.02500035837412,11.988266060472323,10.309134492886871,12.21074539910225,10.653893706805091,12.118790772705132,10.900911780323849,12.18311785374019,9.992756561717869,12.053160446801728
136.96578132163117,11.069534046453061,12.02003248728381,10.354841501798122,12.242729404179565,10.700537770579004,12.151132513826886,10.940227149585452,12.214617313354337,10.03549889990266,12.084744890973694
137.59406077386285,11.114380086152892,12.051973332664224,10.401200800561542,12.275255352667484,10.748583857084283,12.183904517081686,10.979287565173594,12.246379735657861,10.079835922146225,12.116109532153182
138.22235185765027,11.159469510947627,12.084317298512621,10.447156978856976,12.30718685419599,10.797369887671522,12.216264945907252,11.019583148994764,12.278040265481069,10.126119135258403,12.147574730977
138.85063130988195,11.20488463572312,12.116568715732607,10.493179454006416,12.339101002856669,10.844620856874053,12.24881581133359,11.058666701740007,12.309761752814333,10.174796599185388,12.179302447544872
139.47891173140994,11.249724446188345,12.148698217932475,10.536639933952051,12.370992459305578,10.889205713665818,12.28126255955296,11.098143141210672,12.341174893034674,10.224879200461043,12.21093850537499
140.10720281519735,11.294218979078344,12.180825495405696,10.579125538682066,12.40253374378064,10.934558101149937,12.313521985788869,11.138424931726647,12.372234746663866,10.275591844322419,12.24257856771307
140.73548226742903,11.33630324312169,12.213128081338507,10.623389589891694,12.434720643927935,10.979777005035384,12.346115565966779,11.178588366785132,12.404053232078832,10.326235076712486,12.274802398322663
141.36376171966074,11.377924319077653,12.24510630212655,10.669588708336708,12.466722001873078,11.025544081566036,12.378969884107427,11.218306856514719,12.435860593860577,10.374174821284155,12.306430892082188
141.99205377274447,11.419916034492589,12.276451810656894,10.716236776618583,12.498701557497109,11.073025087503611,12.411482039290146,11.258040474385485,12.467230574384011,10.419287828181325,12.338107884882564
142.62033322497615,11.462758930321709,12.308595996052619,10.76337695443422,12.530723382927379,11.121708335719875,12.444096531898515,11.296784088899452,12.498682869793292,10.462850200607278,12.369750171947288
143.24861267720783,11.506085481723344,12.340450077093896,10.811815927664915,12.563053555470583,11.169753977279823,12.476678543497876,11.335601119392686,12.529834827105569,10.507348738005236,12.401799139042625
143.87690376099522,11.550904379758112,12.372327740237607,10.860201952401473,12.59521954318742,11.21776402321346,12.50947145918313,11.375404593680091,12.561277778662943,10.553789906709172,12.433708838250016
144.50518321322693,11.596214052490655,12.404184935896186,10.908624907600329,12.627112334472315,11.266061503829565,12.5417380045443,11.41578560700441,12.592875571194774,10.6026004092895,12.465299511656584
145.13346363475492,11.643283928944328,12.436961388604274,10.955641835559861,12.658841385876169,11.313756528470343,12.57462658347527,11.456164395602082,12.62450940429825,10.652192680812705,12.49726794364739
145.76175471854233,11.689364246986525,12.469860646223141,11.002188456306747,12.690879229338286,11.358150948661338,12.60707244180399,11.496293569870245,12.65578372157597,10.701887289761558,12.529041934529467
146.39003417077402,11.733338193841709,12.502433313970592,11.047181772910443,12.7223012684652,11.40083188439074,12.639133422423205,11.535355765239702,12.687007760031529,10.750930053803572,12.56089468073476
147.0183136230057,11.77530009791961,12.534432002243763,11.090971067454134,12.753930207170058,11.445150218930493,12.671468489365024,11.574674249118607,12.718328351623452,10.799383265284792,12.593161671041258
147.64660567608942,11.815121814965499,12.566756390497687,11.135053136024242,12.785478610770381,11.490481249038822,12.703738149343494,11.614356698276554,12.749553279969668,10.849247843349284,12.62524445398159
148.2748851283211,11.854742861668058,12.598521927418517,11.180288947832187,12.817149819281482,11.536023628178379,12.735701686935684,11.652876060344752,12.780779098206542,10.898061460546915,12.657244922036078
148.90316458055278,11.897230691124715,12.630152645904685,11.226679392768629,12.849188552634255,11.58082116883736,12.76817424198413,11.690808984469463,12.81201337040466,10.944948019525079,12.689337048828317
149.53144403278446,11.940339664260518,12.661671238167976,11.273072062431714,12.881171667820913,11.624859632765236,12.800758923255465,11.727835110013876,12.842790238804671,10.992380081476476,12.721296581912547
150.1597351165719,11.984650434729684,12.693730439005876,11.320199336832813,12.913606847461734,11.66726470239072,12.833245716554442,11.765871706400219,12.874085023567524,11.039912701072204,12.7532534453248
150.7880155380999,12.029286905179598,12.726336922598325,11.367030722590194,12.945771945287916,11.708544060334088,12.86583573716972,11.80613391932172,12.905432756824515,11.088249781822581,12.785546687405702
151.41629499033158,12.072294875725744,12.759078669570759,11.41399826161822,12.977383086179614,11.75018916333781,12.898536104226563,11.847523623706655,12.937457696872093,11.137899451293215,12.8180245817981
152.04458607411897,12.113349536278015,12.792143891797304,11.459210936269063,13.009484556823763,11.79206252329526,12.930904097122722,11.889489532292515,12.96913024021918,11.188944469315278,12.850231504485196
152.67286552635065,12.15343199128664,12.825040034798866,11.503892346197198,13.041329294013135,11.83406714212473,12.963526153801684,11.931944880740163,13.000545160220835,11.239864902645252,12.882416179905848
153.30114497858236,12.19333557827305,12.857559754052177,11.549181551444613,13.072681031778085,11.876694684414668,12.995943090684023,11.973962847929505,13.03252872035282,11.290888563291526,12.914748132230365
153.92943703166605,12.231913228179335,12.889318616793073,11.59463850108102,13.104443899026936,11.9190712775391,13.027822978554376,12.016511189950894,13.064251097576745,11.34222146094139,12.946969738113314
154.55771648389776,12.269676628133736,12.920637873549014,11.639711907843918,13.136292195778942,11.963095058271122,13.060226567076846,12.059311371028441,13.09618304405058,11.392104281764368,12.979375106417098
155.18599593612944,12.309235827435574,12.952014973197713,11.685174196824272,13.168523145513799,12.006671224002272,13.092833050669293,12.100427434036101,13.127914765126413,11.440883638171671,13.011442316270921
155.81428701991686,12.350712741104973,12.983693300834075,11.730501667369973,13.200701591699843,12.049538146879154,13.125434194917796,12.139118545001256,13.159949493971224,11.488968434920562,13.043698627889524
156.44256647214854,12.392193659282333,13.015534478460815,11.774862271715971,13.23301886082851,12.091609507507963,13.158173272218255,12.177052359016626,13.191746622010406,11.536690156281074,13.075804103041635
157.07084689367653,12.433687925819555,13.048187681312799,11.818535880474148,13.265678292915094,12.132442140341112,13.190995999240549,12.214710751873405,13.224214727605565,11.58594204462767,13.108156522851282
157.69913797746395,12.473478051747096,13.08169829381357,11.86320394204242,13.29802403854481,12.172482770488822,13.2233915787471,12.252076815649096,13.25691598455307,11.63534699416741,13.14074654346656
158.32741742969566,12.511153352526375,13.115924823348546,11.908120728049543,13.328801298603285,12.212235521008735,13.256155572985977,12.292351487039808,13.289389429492177,11.685289437664458,13.173797527442579
158.95569688192734,12.546165210566857,13.150210975557592,11.954778140183324,13.360118330632583,12.251976258004765,13.288457713973461,12.330885087358531,13.32199941936039,11.73423653846076,13.206684771537564
159.58398893501104,12.580738352513043,13.183224584125982,12.000133642284744,13.391752608681385,12.29262468347175,13.321320486075354,12.36963537605243,13.35016445867976,11.783912904651125,13.239760672452
160.21226838724272,12.616027856438757,13.215194795898103,12.045813509530932,13.42396353587644,12.333649087741659,13.35180274738077,12.409263096934922,13.381542893164445,11.832488921043124,13.272910879236365
160.8405478394744,12.652502249775333,13.247026629672938,12.090785913704169,13.456122849413344,12.375184734194473,13.384037256678258,12.450408526334291,13.413287072709485,11.881304762967398,13.30611003000691
161.46883892326184,12.689893230489444,13.278637770564638,12.135761877440036,13.487655679927157,12.417184903570657,13.416347406681659,12.4902382523961,13.445131364953529,11.92705938102884,13.335875039442138
162.09711837549352,12.729466668041809,13.310223104627259,12.180769432294255,13.519910211764445,12.458327663298052,13.448973912813909,12.52875005039371,13.47662459533307,11.970246219597204,13.367898199708398
162.72539879702148,12.770483953186451,13.341117830252566,12.222747354403996,13.552270640590011,12.499110907199695,13.481511874825705,12.566154379467687,13.508719391797284,12.012992117344625,13.399749166132375
163.35368988080893,12.811983559067624,13.372808616358139,12.262501884705223,13.584632849196895,12.539266778187589,13.513999113070009,12.602830333038254,13.541292504490064,12.055273937114002,13.43188712229349
163.98196933304064,12.852003276784878,13.405364821128423,12.302128715697057,13.61632586002911,12.578459342538414,13.546315937253343,12.637678006252374,13.575086547165347,12.096610693004797,13.464321412043654
164.6102487852723,12.889709278791846,13.438190662768019,12.345175841432143,13.647793283579576,12.617886393077573,13.578656343539109,12.674701462124812,13.608203383050043,12.140823575501601,13.496597301256731
165.23854083835602,12.92592604878299,13.471494375690853,12.390001858592171,13.679758600953079,12.657265834466536,13.61104346908441,12.713817495879066,13.64052243196002,12.186237810386435,13.528907006314803
165.8668202905877,12.960076047721394,13.504503979751284,12.433973135775384,13.71161579661166,12.698009033288582,13.643086651890473,12.752624737575063,13.673130695333786,12.230553030308888,13.561353754534176
166.4950997428194,12.992714122432192,13.536588097527604,12.477305916411623,13.743270542145593,12.738737548914768,13.67498656230063,12.790310717042235,13.705707367589198,12.276460709563473,13.594034543996552
167.12337919505106,13.024339056629087,13.569372114306285,12.521137925706888,13.775011162128003,12.77972368788639,13.707229080614036,12.827250078247511,13.738483375351956,12.322968620066744,13.626728236873463
167.75167027883847,13.05908884187085,13.600707389094065,12.566614452937769,13.806655673919368,12.820515830694612,13.73946492474751,12.86365105560482,13.770982182174812,12.367491629457794,13.658940943849837
168.37995070036646,13.096326316446488,13.631671134532215,12.612918578480404,13.838502190890058,12.861247905883431,13.771571289790277,12.899029548596316,13.80294171525904,12.410280241956787,13.691147866536932
169.00823015259814,13.136129790733891,13.662836440204357,12.65901936400773,13.870577409759797,12.900711886884885,13.8039326085065,12.9345695567422,13.835119716499758,12.452524686318538,13.723559909020652
169.6365212363856,13.178265668435392,13.694083170871687,12.70267339517144,13.90270557712368,12.938122445193468,13.836439424345274,12.970166072944858,13.867302167193765,12.493918840156761,13.755605761498687
170.26480068861724,13.218090500098583,13.725823790854095,12.744478678493564,13.934540080570486,12.974911859822907,13.868828774617223,13.00598194719466,13.899763598608992,12.53429629391845,13.78777397394217
170.89308014084892,13.256632999323887,13.757531929827493,12.789434174744303,13.9665009484907,13.01232508780346,13.900886640619136,13.043731108898536,13.932557849130236,12.57755209901279,13.820424952067507
171.52137219393265,13.29414144560483,13.788864534943304,12.836951221253518,13.99840708813546,13.051165700399125,13.933279550453713,13.082884518060421,13.965339641182272,12.62236877232091,13.853003404104234
172.14965164616436,13.323892216789533,13.821537315389758,12.885008431392018,14.030141033937936,13.090148695500039,13.965097590923351,13.122550059295866,13.998008862066095,12.668449980253765,13.88545415683157
172.77793109839607,13.347707915518905,13.855822577708144,12.931575074678705,14.06251080661541,13.13085318407847,13.997103398321784,13.162318382902289,14.030283861388513,12.714587251298063,13.918183445334792
173.40622218218346,13.37909302418352,13.887106683783102,12.97696083306249,14.094512609505882,13.173944359401114,14.029450923732812,13.202452896514394,14.06256686972685,12.75870580538514,13.951035538748794
174.03450260371145,13.412499519477333,13.918005912148562,13.023279641800977,14.126314186998352,13.217224191543217,14.061858071817912,13.241734449931002,14.095000269586357,12.801113099737272,13.983419549676793
174.66278205594313,13.447118935737723,13.949019046518218,13.069901458308445,14.158274165027908,13.261322278145165,14.094348424679518,13.279471598110996,14.127267704838186,12.842080106059749,14.015445379615025
175.29107313973054,13.482375513709103,13.979820386911321,13.11566364044048,14.190103774076098,13.304178077388825,14.126707963614429,13.31600694895763,14.159432802664364,12.88230271884698,14.047584670612132
175.91935259196222,13.519235674645834,14.011035526460299,13.160459401318146,14.222145177100845,13.336936678996892,14.159828804007084,13.346404670650557,14.193049757098743,12.92244390663902,14.079953553398948
176.5476320441939,13.55427467435138,14.043684279858995,13.20560622406031,14.2539142735843,13.371924509989613,14.19230313883685,13.382213425775097,14.225665584543101,12.962650501394409,14.111941562984223
177.17592409727766,13.586340549369213,14.076297882576705,13.251823585263809,14.285652668840067,13.409217602731367,14.224217732442858,13.421713892293523,14.258589314155053,13.005890288456907,14.144516455458321
177.8042035495093,13.617585500255228,14.108155968125946,13.299972454140063,14.317734561889742,13.447006809514841,14.256962594032595,13.462268434296112,14.291675003866729,13.050259791709484,14.177185676342143
178.43248300174102,13.649035125992537,14.139560654385035,13.344664934414556,14.3499316957796,13.486435194889985,14.289438263698347,13.501866343841565,14.3245635827977,13.095319405167185,14.209911405282737
179.06077408552844,13.682491010217856,14.17008479383823,13.38986515059619,14.382344183208652,13.526748131578982,14.322217831023739,13.542155253482802,14.35719720805521,13.140405715344622,14.242414216613554
179.68905450705643,13.716948466378525,14.200727733694244,13.4360380172668,14.413942420685812,13.567324920848014,14.354667248915085,13.581422568648883,14.390022159804149,13.184397904958294,14.275018920424687
180.31733395928808,13.751541630864516,14.231004038599243,13.48186293669021,14.445668802417698,13.608469460356725,14.387418339739426,13.620968419590856,14.422697609922578,13.2277071034921,14.307782914663564
180.94562504307552,13.787812684185784,14.261124167693797,13.527026222409543,14.477436564065167,13.649814225263441,14.420018149151941,13.658339377765165,14.455166160463065,13.26943852588963,14.340379609458777
181.5739044953072,13.825072850973196,14.291444967131687,13.570689152479828,14.50927685180125,13.691000144687738,14.452587257336763,13.695381521341417,14.487293882881618,13.310356143280602,14.372934034447745
182.20218394753888,13.862011767233145,14.321907259184167,13.614496244836674,14.541365419030859,13.731653464553345,14.485316545839986,13.73309108291102,14.52015398531154,13.348074550469919,14.40522994620062
182.8304760006226,13.899645243151506,14.352662770208392,13.660281119180484,14.573475788581584,13.772375305999597,14.517562623716028,13.768638655127495,14.553057247438366,13.387739201814705,14.437491597163172
183.45875545285426,13.932655737102595,14.384417628441327,13.704729822701605,14.605151446545975,13.811966986310447,14.549889236696597,13.810281533404575,14.586624367995908,13.429967628144617,14.47031610396678
184.08703490508597,13.96380680452421,14.416416761659825,13.749546051064396,14.636786169540107,13.851778914559103,14.582348443385179,13.855988097370497,14.620773477043652,13.474578736710788,14.503611362928368
184.71531435731765,13.992309557348216,14.448122230961252,13.793651256791609,14.668591306595205,13.893136137935027,14.61506705320051,13.902075979483286,14.655030262860993,13.51926993543616,14.536511955383217
185.34360641040138,14.023481092254961,14.47903391779592,13.839927795723852,14.700937942115576,13.935425966720326,14.648427274180115,13.94550397841991,14.68858359011334,13.563989610662581,14.56919808418954
185.9718858626331,14.058128540071072,14.5085725033456,13.886602560725459,14.733195588570167,13.977611233353333,14.681834214419254,13.987918836842631,14.721453926285825,13.606460087251413,14.602169422951688
186.60016531486474,14.094075673192904,14.537635442338692,13.933883786210359,14.765600511928625,14.0207504627715,14.715225136626554,14.02866292555533,14.753922031880986,13.647430653136523,14.634444867219436
187.22845639865218,14.129561398008663,14.56700539360872,13.981609512078828,14.7978933090642,14.063395802874592,14.748525734932088,14.068611452019958,14.786786138818869,13.68612087421102,14.666769700418689
187.85673585088387,14.167052046476448,14.596469673288478,14.030125460851425,14.829807902670208,14.105618889860557,14.781970050578854,14.106825581592531,14.819717877446744,13.724921441727085,14.69966228385762
188.48501627241185,14.204340689764908,14.625925054061657,14.07893284881445,14.862233738459121,14.14710559232719,14.815090890971511,14.143814776674645,14.852317241913928,13.763990311276478,14.731950631539904
189.11330735619927,14.241126544831715,14.655430268711672,14.127715319839057,14.89434366306452,14.189247699263294,14.84852675265703,14.180145452669988,14.884613153666804,13.807345784124491,14.764596270321297
189.74158680843095,14.275290782020644,14.685481876225577,14.177794806497408,14.925988174855885,14.230254305720045,14.881976407647743,14.218681277715358,14.917919091316282,13.851890595836656,14.798293759860208
190.36986626066263,14.305856746334756,14.716011799968049,14.227183738005307,14.958096764625294,14.271624877455837,14.914881894501214,14.258590204045712,14.951426589199755,13.898476371772485,14.831664214582378
190.99815831374633,14.337755766854254,14.745307445368153,14.275961759576624,14.990107466422344,14.311517340809022,14.94797381344749,14.300300269067455,14.985253557829376,13.945752257913435,14.865194404677624
191.62643776597804,14.370808530611589,14.774696974232654,14.32319270623936,15.022404713011207,14.352649866793852,14.981173409163363,14.340889071860369,15.018365944260784,13.993573202082292,14.898629376472483
192.25471721820972,14.405791912151022,14.803911639582898,14.371359817874097,15.054872818606368,14.39291875389529,15.014511827821853,14.379545032144541,15.051020037003424,14.040222160254825,14.931678135721858
192.88300830199714,14.441301219069215,14.832972353849343,14.419447729240291,15.087719127731095,14.432577176005472,15.04781465085403,14.417030786213706,15.082556427079869,14.084038151518248,14.964448804140671
193.51128775422882,14.477111753975072,14.862158097753209,14.465926273351855,15.120644192179038,14.473089893147144,15.081598014841417,14.454985067714203,15.114544436665147,14.125644989223687,14.99668731794612
194.1395681757568,14.512436408581769,14.891471985911798,14.511777444549667,15.153265358967337,14.514553013511346,15.11513754878857,14.49254334787198,15.146953809476893,14.16584224012717,15.02909446603122
194.76785925954425,14.54917999384233,14.919940477945476,14.558078010529671,15.185456263622592,14.5557736386713,15.14877052125479,14.530552802593261,15.17913181071761,14.205233250094683,15.061421523957119
195.3961387117759,14.585335361378085,14.948614534721107,14.603621279559887,15.218097452950698,14.597448553012057,15.182442648909955,14.565501923342367,15.21157544431968,14.241871383312295,15.09441555493104
196.02441816400759,14.61742081399039,14.978122419043094,14.64856654206806,15.250640754306442,14.63795682070044,15.21574992139542,14.602497347659085,15.244619754115766,14.283419933179646,15.127466983852388
196.6527102170913,14.644422766220016,15.007950219056566,14.69222012828644,15.282954018927144,14.678541618985394,15.248442724381677,14.641900371150482,15.27852770279525,14.325898863729728,15.161018976268748
197.28098966932302,14.674500180562998,15.037319725381264,14.735332216039545,15.31490242837815,14.718886146792745,15.281303716702256,14.683793308702402,15.31263810159938,14.369309509798525,15.194387206264276
197.9092691215547,14.708426816946291,15.065953292131965,14.776188875920456,15.3476059100523,14.758015973852194,15.314552256404305,14.726029299102903,15.346746275676866,14.412175987730079,15.227498702805024
198.5375602053421,14.744143023442422,15.094633133196874,14.815344509808984,15.380575024087802,14.797170717850063,15.348429503856092,14.76535935156036,15.379430179756541,14.454564149433065,15.260306746631466
199.16582802601806,14.78051196473605,15.122917417864386,14.856039654535506,15.413565940444418,14.835896089605544,15.382741017948886,14.804422436820476,15.410567898818291,14.49721527382543,15.293440935383988
199.7941200791018,14.815326711995828,15.151149643928418,14.897322127096174,15.44689546019633,14.874185414938704,15.41710948504378,14.841511744601592,15.442076702284345,14.537744898889601,15.325785346177716
200.4224111628892,14.849971490139968,15.179324027099694,14.9393952675063,15.480332211772506,14.911834018998247,15.451897090638495,14.87711093047622,15.473971718295878,14.575615530668266,15.358234319123735
201.05067898356512,14.886523303963772,15.207185168759425,14.981727811043172,15.513838819765319,14.951641052848284,15.485623946569113,14.912884979865108,15.505828024063804,14.611662776489098,15.390794528401976
201.67897006735257,14.921479098892812,15.234938633649561,15.02236066342365,15.547583473509093,14.991020939182578,15.519115426420745,14.945913271629355,15.537426261540965,14.649110265259978,15.423550068679607
202.30726212043632,14.952273765105978,15.26274282230719,15.062910755972947,15.580876507744035,15.029631070097873,15.552735940417756,14.981851060899276,15.570191590615831,14.688484812250323,15.456968577497298
202.93552994111226,14.979302414055338,15.290684944016782,15.102848158804353,15.613417584373135,15.066960203411265,15.586861912308398,15.018183071730604,15.603636796153257,14.729961280974392,15.490379967189726
203.56382102489968,15.010508209752409,15.318380121068834,15.142087442414713,15.645875456225731,15.104773437242503,15.620504673571855,15.055788961038575,15.637471773798797,14.770765437306494,15.52374419267729
204.19211210868707,15.048579956819738,15.345402985728915,15.177697306977237,15.67883834102663,15.142195564129635,15.654196378821489,15.093873166575111,15.670362132511084,14.810688601887374,15.556950017627766
204.82037992936304,15.087832588789965,15.372368897386899,15.210971653508365,15.712336495058194,15.178823018659354,15.687723899244762,15.133835486344935,15.70237105452682,14.85100999253762,15.590123361569233
205.44867198244674,15.126045828471883,15.398940587483477,15.242296249608252,15.746855798619583,15.213769914681816,15.721563771288922,15.171948613327848,15.73372679679973,14.890299110024817,15.623177015217227
206.07696306623416,15.163355829136131,15.42561906445899,15.272498248643325,15.782534184762754,15.24533478125931,15.7562045449251,15.208823457460433,15.765206233874075,14.929428492138939,15.65580619102145
206.70523088691013,15.200429563830737,15.452418566563965,15.305333434134827,15.816798089705358,15.278370192148817,15.790964118964096,15.244025307156356,15.79683561752426,14.968339406096574,15.688239590880956
207.33352197069752,15.238930238195122,15.479076131109021,15.34214509603071,15.850659764070633,15.31251618657926,15.825773971825257,15.277163500416842,15.828388470577874,15.007096368970405,15.721130394538571
207.9618140237813,15.273368116761324,15.505181073555583,15.377747841467968,15.884000407455767,15.347314025916539,15.85960716968948,15.308492101024688,15.86002541829865,15.045559222981835,15.753890829214821
208.59008184445722,15.307176397687131,15.530750746771478,15.417165993100548,15.916168619899247,15.383391972965068,15.892664827845437,15.340837846654402,15.892827677835813,15.085113527885058,15.7876417121932
209.2183729282446,15.341489246615911,15.555798054171245,15.45765868770242,15.94815484970321,15.419711970272513,15.925619703630412,15.375180061974888,15.926825950417062,15.12635773514744,15.821067785081482
209.84666401203208,15.379113823627693,15.580787073732925,15.496982510925273,15.979511481866778,15.45531694043642,15.95896702119548,15.410803719842608,15.961370170916869,15.167128965525203,15.854256257164131
210.47493183270797,15.420913767605873,15.606707808813322,15.533263353043777,16.010715052837202,15.493226282458698,15.992076293009585,15.446836727412915,15.994276102715668,15.207323101811385,15.886889437476313
211.10322388579172,15.463785584881373,15.632814531041202,15.566741484535541,16.043693510724616,15.528786758089714,16.025752870118037,15.484084435731118,16.026345092350805,15.24696906545236,15.920009832923643
211.73151496957914,15.505609555907313,15.65828542639408,15.597614016181266,16.078471772467424,15.564231102989888,16.058642338939666,15.520789310748068,16.05713619900134,15.286510466941042,15.953273945712205
212.35978279025508,15.546694472741951,15.683730514917883,15.627814680380352,16.11416128224382,15.59745072124556,16.09301792515982,15.556179372318113,16.087380022897328,15.325215371211394,15.986206574230735
212.98807387404253,15.588387629841193,15.70879784485745,15.661186469938508,16.14974845459457,15.630119052238724,16.12735524608169,15.59023860240942,16.1184318675106,15.364353207286767,16.018780131868844
213.61636592712622,15.629424047634982,15.734334592119009,15.698120936745166,16.18379389138068,15.66301741996693,16.161856751829923,15.623027068641388,16.150332222866087,15.402812501735564,16.050999068079825
214.2446337478022,15.66642837085828,15.758832836982911,15.733799322888341,16.217284036396325,15.698186788653844,16.195259687561105,15.652543851869956,16.182126236287964,15.440879354404274,16.083431133103343
214.8729248315896,15.704169523546232,15.783210501662685,15.770301747780639,16.25045426572049,15.734440044161957,16.228184752009042,15.682615926868989,16.21505708502518,15.480231654128175,16.11635041326201
215.501215915377,15.74224483017619,15.80744088943859,15.806234642651942,16.283000681693537,15.768642101703842,16.261522280776877,15.715786156193154,16.249117205007146,15.520160602998331,16.149541999961958
216.12948373605295,15.780867864506025,15.831915552200064,15.843691030329401,16.31492906860474,15.80386486383022,16.295231783839668,15.750520368348402,16.28296197144992,15.562507829731056,16.183310680753497
216.7577757891367,15.820237517097754,15.856568638038423,15.881068662683644,16.346303498581467,15.839351478536638,16.328383770405345,15.787341819041522,16.316392938736822,15.606641511959317,16.21652140010259
217.38606687292412,15.859794491672949,15.88230383091667,15.91643069269797,16.37826837100964,15.87570573663441,16.3615353120257,15.825399327858323,16.34853445446057,15.64845213462539,16.249332113601003
218.01433469360006,15.899411533867546,15.908425681285731,15.949344188567359,16.41102836074056,15.912640203441072,16.39460542865086,15.861168927793921,16.379470613288326,15.68862135397315,16.28157863642237
218.64262577738748,15.940154287744258,15.93531239267517,15.98037645558616,16.445030637829767,15.946591311817455,16.42815475139525,15.895763872061224,16.40975403731859,15.729013045985365,16.31390168984031
219.2709178304712,15.979736624203202,15.962059836176662,16.01323255350812,16.479704782365612,15.978049836461341,16.46241376193923,15.928523861792142,16.44044592116078,15.768547773294115,16.34614020364576
219.89918565114718,16.01851538939815,15.987776786296426,16.05126692516782,16.5124411899941,16.010549533174853,16.49647343697587,15.959445337424047,16.471556943502797,15.806679143035515,16.378389396139102
220.52747673493454,16.055787569709445,16.01244144071334,16.08900629807446,16.544661016095734,16.046355618627423,16.529947563959674,15.988778803177107,16.503128484260223,15.8436540998671,16.410883753508667
221.15576781872198,16.09354829999187,16.03744113896291,16.124674895420398,16.57759675923157,16.081363917105275,16.563554729596813,16.019278915582543,16.53566778110801,15.882842214764638,16.444072670536645
221.78403563939796,16.13256956039107,16.06222058927468,16.160504562975397,16.61080525385402,16.116760207909923,16.59732252049769,16.052030006406884,16.569499644136247,15.926201247175285,16.478535021095936
222.41232769248168,16.17107690893539,16.08752107056659,16.1992241504416,16.643328977615294,16.152623691309923,16.630555487113234,16.088329536229203,16.60298978915189,15.970408345382813,16.51247856540173
223.0406187762691,16.20982630773863,16.113116995556894,16.236804677865823,16.67504601549527,16.188697633850488,16.66362782846504,16.124946757016357,16.635568686133947,16.01341275636633,16.545499293095382
223.66888659694501,16.248877379474866,16.13910625221794,16.274009226487124,16.7055568065886,16.22469771546646,16.696707288942108,16.162357760270268,16.66745836280154,16.055852531727464,16.578107111523817
224.29717768073246,16.288096640545426,16.166304425337607,16.30738190593594,16.737618232153146,16.260710255551633,16.729928686979097,16.20005753304263,16.698796752206622,16.098051146720337,16.610159638181788
224.92546973381616,16.327366180438155,16.193882581768158,16.33687332728076,16.771120390692673,16.294450014896793,16.763149640070758,16.23598464362466,16.729180288935886,16.139204585135627,16.64161415831771
225.5537375544921,16.365775196064785,16.220948161179816,16.371107420886325,16.80387548602497,16.325317652143898,16.797391297746913,16.26993797672769,16.759502423209764,16.180235663585467,16.67308558637614
226.18202863827958,16.4027074381448,16.24736723502858,16.411891554678625,16.835645027453758,16.35844917122445,16.831838965110347,16.30225613574701,16.790655270412696,16.219629343224955,16.70480039952947
226.81031972206694,16.43876402781754,16.27189974068281,16.44781866526065,16.86721434348454,16.394987191743056,16.86539496203467,16.33362433648913,16.822245053928608,16.2584619468047,16.737221785865096
227.43858754274294,16.476282262895715,16.296070505784645,16.485720443212344,16.89922993968021,16.43147003904088,16.898887331776958,16.36454403233972,16.85470470556252,16.297769307050384,16.770119263702643
228.06687959582663,16.514446113646123,16.3206773173088,16.523950590816757,16.930919835895125,16.466614045844047,16.93205489142915,16.397309361414585,16.887927438435494,16.337827290065924,16.803733103519725
228.69514644720624,16.553490956147755,16.346312397488045,16.561382506501126,16.962426414634532,16.501804771906748,16.96528385353673,16.43331122281187,16.920597549209976,16.37701496001813,16.838133606678294
229.32343850029,16.592501982804393,16.372050260038264,16.59902710605271,16.993494722224977,16.538235115655763,16.998562649521144,16.471387864277816,16.952609140897685,16.418473185983714,16.87148225907935
229.95172958407738,16.63145338678695,16.398130285546408,16.634427846310647,17.02414745087822,16.57358557709154,17.031739553025243,16.509969518692063,16.98435954967733,16.458991242469335,16.904442919153603
230.57999740475339,16.669936263338183,16.42453734587129,16.667371153517077,17.05552054601896,16.608793211076733,17.064673071434434,16.54776851427277,17.015397600985406,16.49824743400219,16.936862080762584
231.20828848854077,16.708831159263973,16.451512156435854,16.697986061817367,17.087791985778747,16.640726937331884,17.09866289005443,16.584599753763126,17.04649349518624,16.538456253484224,16.968821613846814
231.8365805416245,16.74749423867341,16.47897462708089,16.731170974337385,17.120106585235437,16.670587663299692,17.13325071519647,16.621077261717005,17.07694154898819,16.577490417297962,17.00069616237322
232.46484836230044,16.78577155048269,16.505089358324685,16.76902870270151,17.151334183253624,16.704334096824784,17.167020285878667,16.654722692652438,17.10768771616051,16.61521065755546,17.03270330460764
233.09313944608786,16.82295963612682,16.530586060506643,16.80534380561034,17.182177348507643,16.742075249512737,17.199609861548616,16.688158109392624,17.139013647096387,16.65114577715341,17.064456828004587
233.72143149917162,16.860988223497245,16.55545805944682,16.84206469865913,17.2129996013312,16.776451725623552,17.23282547529633,16.720067808600014,17.171006996025607,16.684058828077468,17.097402804882986
234.34969835055122,16.89853048562318,16.581048200147848,16.87920072569978,17.24469661667138,16.811310967416222,17.265282902203595,16.753948170669105,17.203893350229936,16.717425278291678,17.131531001500274
234.97799040363498,16.937492123348306,16.60743212331563,16.916555220896917,17.27558561129427,16.84731015914153,17.297792387714342,16.78965503331333,17.236544328355276,16.75462982691298,17.165301462073124
235.6062814874224,16.977152325239807,16.633148628490062,16.952850746211276,17.30603411004156,16.884061308472685,17.32987695043599,16.82776148611631,17.26778616462399,16.79443641581769,17.197624960436393
236.23454930809834,17.01655178916857,16.658407284921058,16.987003414821654,17.336811868332227,16.92182248370044,17.36171545839076,16.866190079337414,17.299201974516297,16.83356891254911,17.228924639597864
236.86284039188575,17.056631129559896,16.6838884140165,17.017827002481198,17.368034571951796,16.958021900823752,17.39405675456718,16.904308990609604,17.33017595369701,16.873640688869845,17.26070130015191
237.49113244496948,17.096724263256416,16.709875445950903,17.048251919126052,17.40041991771578,16.991244633696727,17.427238552469902,16.943000991465418,17.36108007646109,16.91245282496446,17.292570954279704
238.1194002656454,17.136918399542594,16.73635369752841,17.082224829823552,17.432052415983268,17.020086879806684,17.461553181179998,16.979611983017964,17.39164871044718,16.951249387972567,17.323996997914577
238.74769134943284,17.17647136960983,16.762469763608195,17.11977866052804,17.46280303260888,17.050636826088954,17.49632877325083,17.01616824629506,17.421717670828908,16.990999913765833,17.355374542508606
239.3759834025166,17.216155598549093,16.78871575372402,17.155086407212238,17.493387684626803,17.0887134675549,17.52942425175974,17.050058842106715,17.45227651601776,17.028955530102316,17.386060197116194
240.0042502538962,17.25468786403183,16.814649392218957,17.190052435883842,17.52359591289648,17.125588756632812,17.562190025779934,17.082894917488876,17.48341468002484,17.06270507824471,17.417637522162895
240.63254230697996,17.293547164331308,16.84109293806081,17.226335947674322,17.554228174064598,17.15976144778299,17.595006523567626,17.11597126334864,17.51562694205588,17.09293599872616,17.450943014867047
241.26083339076737,17.333295020452603,16.86752358048813,17.2620005405123,17.584833293567655,17.194700334789534,17.62695181840133,17.152296155054707,17.546735294725924,17.127956310727892,17.4838097914769
241.88910121144332,17.373328086529717,16.893951553243472,17.297099162891918,17.614829727860776,17.232447271766762,17.658927369517396,17.190792379965806,17.57689235428278,17.166636298059824,17.515403134555445
242.51739229523074,17.41319874756179,16.920007996649183,17.33170256112047,17.64514118344676,17.2697216768047,17.690455305632593,17.229103507620078,17.607214043611325,17.20731408991852,17.546373554173528
243.14568434831443,17.454142171781836,16.945836183101168,17.362584436618103,17.67583351223428,17.30672866969997,17.72131359902779,17.26696123598421,17.63750058225889,17.248121360867923,17.576914601549223
243.77395216899043,17.495721867822212,16.972237904082107,17.393849410043916,17.70745177225124,17.339161624614146,17.75453366222879,17.30575067986705,17.66716063788336,17.287504806764847,17.607038290206408
244.4022432527778,17.5369723043192,16.99839090062419,17.42790330079128,17.738543661944117,17.367582952442966,17.78806652199601,17.34366402639729,17.696822028343824,17.32574830272913,17.63738178185607
245.03053530586152,17.578487928232214,17.024557245526143,17.46574145156093,17.769075365467906,17.401979896038906,17.821339978636484,17.37996667083691,17.72657997194065,17.36381159583521,17.668069661190305
245.6588021572412,17.619563946160273,17.05095807661642,17.502667464406343,17.799273804940345,17.441049655478952,17.852758903146096,17.413694861603513,17.755688295357288,17.400739388461933,17.6983597594005
246.28709421032488,17.660445967924932,17.077243221921186,17.53868400899948,17.82914253992407,17.476982105404932,17.883990060726916,17.44620924151288,17.785348350981764,17.434548559278397,17.728502135761502
246.91538529411235,17.702272608622845,17.104012022798468,17.57358285092642,17.858936524092545,17.512389964788134,17.915142907929848,17.479740766444113,17.816390406797797,17.46632788950442,17.759055196661077
247.54365311478827,17.74444808645862,17.131313868179774,17.60903564978784,17.88925420891313,17.54953533568069,17.946350483408235,17.517829866379266,17.84693723846277,17.500946415874157,17.78999669483278
248.17194419857566,17.785561924739635,17.157624375368286,17.643768527107103,17.918609921932635,17.589810007071403,17.97739342911493,17.557100741107977,17.876237333316162,17.538755200252105,17.819543734343714
248.8002362516594,17.826172529853665,17.184412308894707,17.67664687229551,17.94803015202483,17.628211458627444,18.007307548522203,17.595648579677228,17.9054858145114,17.57672149527648,17.84904049503248
249.42850407233536,17.866753768575986,17.210393556539838,17.707761899145485,17.978058177436303,17.66308004427202,18.038137365416354,17.635342597413725,17.934683126993818,17.61655211122895,17.87900044380863
250.0567951561228,17.908100758209347,17.23612963930874,17.739110077347807,18.008560069623055,17.692528305919936,18.069616802490696,17.674202342658532,17.963418141279508,17.657777185842193,17.908364610789384
250.6850862399102,17.94879100853725,17.26200765963756,17.77251924231359,18.038811457589638,17.720681776660754,18.102025285411788,17.713125270140047,17.992077959804615,17.697557078027163,17.93771320468363
251.31335406058614,17.989894613075702,17.288533075419934,17.808217206051236,18.068577855147716,17.756439808017802,18.13463443867621,17.750177647458862,18.02068482983558,17.738189040516982,17.96740129186382
251.9416461136699,18.032683225574697,17.314108087979776,17.843726512969425,18.09848085092177,17.798833309064733,18.165755694760787,17.782702261110792,18.048329728065465,17.777715313864483,17.99668759341202
252.56993719745728,18.074403969284333,17.339845505584666,17.879184651174793,18.12807994903618,17.839099081548866,18.196910766690365,17.81415277673876,18.076458726813193,17.81392941418365,18.025715381724122
253.19820501813325,18.11638322623006,17.366340665084678,17.914779387596134,18.158001187568722,17.873186343195893,18.22821934475841,17.847994428564235,18.10557550419108,17.849447620008423,18.054725817168404
253.82649610192064,18.15914870157195,17.39275573442548,17.94959991914519,18.187572699072742,17.908583968836535,18.259238708362677,17.885563387409906,18.13446002010728,17.887183878297762,18.083242363297604
254.4547881550044,18.202493050786746,17.419438660854283,17.983922556871207,18.21689192657528,17.94892493708125,18.29007920394472,17.925619590644125,18.163148760078762,17.92840450345771,18.11176424877075
255.08305597568034,18.244797117822568,17.445919582103766,18.018175783125912,18.245878779917124,17.98928726270175,18.319467397973234,17.96478812794719,18.191801904423937,17.971569094759626,18.140140192176016
255.71134705946776,18.286609965215284,17.47204677181677,18.050720419317646,18.27512904089368,18.024149619111725,18.349010877921536,18.00291104372734,18.22016672419598,18.01595194637207,18.1684978928228
256.3396381432552,18.327904896245162,17.49802846440723,18.083075508799265,18.30485939788012,18.054118911739785,18.379027334754458,18.042059558490607,18.248798066220036,18.061383089179404,18.19780021240284
256.9679059639311,18.368924406116456,17.523699585158116,18.11695320119638,18.33438730474191,18.085781666289634,18.40874745799833,18.08036801647291,18.27693729871033,18.106521902905648,18.2263269922746
257.59619801701484,18.409437568203458,17.54927637749927,18.152853615058675,18.363718545768325,18.12376531418184,18.43836079436327,18.11687622565448,18.304464731373386,18.14939772468911,18.254594813964946
258.22448910080226,18.449957849415718,17.57522425424473,18.189594530647263,18.393306965194842,18.161938953729486,18.468061340012675,18.149447113620617,18.331774140825278,18.19152959788265,18.282051055375376
258.8527569214782,18.490275680503334,17.60183554447558,18.224618847156954,18.422607504993564,18.198473414685463,18.49769959331603,18.182034019618595,18.358897118184363,18.23436403975052,18.309217637376694
259.4810480052656,18.53095658697933,17.628020577081347,18.260289224284207,18.45196321801307,18.23089480102109,18.527633735263105,18.21764788868908,18.386815657791523,18.27626231664639,18.33627253810046
260.10934005834935,18.572607474272328,17.653922179512602,18.295812769452926,18.481100462876086,18.26486726677326,18.558782577958073,18.25528180955277,18.41463497459034,18.320032478540938,18.363852029366992
260.7376078790253,18.61571377773616,17.679858042734182,18.330505601692582,18.509843486177697,18.306725498589525,18.588651312941803,18.294579825946542,18.442620700942157,18.362954574638604,18.391920070604662
261.36589896281276,18.658546439822715,17.706286015489525,18.364806882042814,18.538923778038612,18.348545465107506,18.61801859453986,18.332640449380648,18.470580175519576,18.40662106427152,18.420266647618224
261.9941900466001,18.702300583685425,17.732156026802425,18.398123498380187,18.567726868959625,18.382333278548185,18.64662412973484,18.370314860269268,18.498009720210273,18.45202506541379,18.44866839785257
262.62245786727607,18.745922578785446,17.757853844273047,18.43105523700806,18.596820954125736,18.411217349519056,18.676136908455447,18.408536108967105,18.52556518442905,18.49896457288609,18.47760408248159
263.25074992035985,18.789339454088854,17.78339103647993,18.46592204287132,18.626216712224842,18.443039394496655,18.706768724678238,18.446436107137473,18.553323098772474,18.54550718912502,18.50673020371138
263.87901774103574,18.831699584236116,17.80899897499411,18.501093636284878,18.655684551467232,18.483666907533184,18.737166499658027,18.482533186835145,18.58121850122253,18.591631556754777,18.53487655532694
264.5073088248232,18.87468842213312,17.834431605048707,18.53766102319519,18.68473191737381,18.525222576525795,18.76652710707615,18.517932592257097,18.608327685276418,18.636248004664893,18.56231277419757
265.13559990861063,18.917602509214863,17.860499617032968,18.573551648260253,18.713939908544116,18.556863973699862,18.7956941632762,18.55268015277221,18.634457544661398,18.68017701204186,18.58901705800216
265.7638677292865,18.958839152406654,17.88638609132304,18.610605360415057,18.743032213928913,18.58529064087262,18.825070788726165,18.590576146434625,18.66044991593975,18.723690440481633,18.61616984669828
266.39215978237024,19.000658229033977,17.912323734325938,18.64618363385923,18.7718379745219,18.618518268144214,18.855943765317217,18.62866836098708,18.68731615984406,18.768297099594516,18.643435206562614
267.02045086615766,19.04201634230056,17.937504080379046,18.680968124836642,18.800575658479563,18.660879733127466,18.885245195006597,18.66774701933371,18.71460510181082,18.812696414184128,18.671275435791884
267.64871868683366,19.083927522610967,17.96273381536366,18.715494547523296,18.82897206936996,18.700302779158662,18.914063414068792,18.70688841497171,18.741995936257908,18.8578525807782,18.699236245205288
268.277009770621,19.12644071395137,17.98839870687994,18.749795382928195,18.85748728066317,18.730493209615183,18.94211543727462,18.744698534185645,18.769138936156793,18.903195179465083,18.727878710862566
268.9053018237048,19.168850233030145,18.013846020130387,18.783044367575574,18.88608169222493,18.756927856550462,18.970695165640524,18.782952708837822,18.796623654068274,18.95013246221074,18.75655187774754
269.53356964438075,19.211596130777565,18.03909399787349,18.818506955234234,18.91447632333401,18.78606866097611,19.000139422780478,18.82051454855823,18.82440559545946,18.996420569721533,18.784906463777023
